0.5,0.0001466115668093053,5.864462672372211,0.9333582228859437,114.904,91.8179,71.2909,53.6757,41.2506,34.1882,31.7358,30.8505,30.6434,30.6272,30.6341,30.6506,30.8546,31.7237,33.9759,37.9771,46.3094,62.7128,83.3084,107.435,7.468999999999994,8.509499999999989,8.578099999999992,7.366300000000003,3.273499999999999,0.212299999999999,0.01210000000000022,0.004100000000001103,0.007200000000000983,0.006900000000001683,3.359284695892306,4.859064572254417,6.401390409369288,7.367397742263601,4.131761997382227,0.3114542699162742,0.01906727913078455,0.006644507504243739,0.01174666362123696,0.01126322817178493,3.086328229922106,0.8228337362342197,2.466234219715283,0.82327692720924,1.914877786731131,0.8287563792640344,1.441732473811443,0.8521004566210046,1.107993553585818,0.9125946817082999,0.918297072253559,1.02006715014773,0.8524254633360194,1.243873220521085,0.8286462530217568,1.684469513832931,0.8230835347837766,2.237668546870804,0.822648401826484,2.885710448562987
0.8,0.0002345785068948884,9.383140275795537,1.49337315661751,155.983,120.947,90.4667,64.0038,44.0574,31.4614,26.9424,25.1783,24.7605,24.7297,24.7365,24.7665,25.1729,26.9008,31.0022,38.1862,52.9196,79.7132,111.963,149.69,6.293000000000006,8.984000000000009,10.7535,11.0842,5.871200000000002,0.4592000000000027,0.04159999999999897,0.005400000000001626,0.006000000000000227,0.006799999999998363,2.058735969483731,3.8572839294148,6.318901350864587,9.479881700326876,7.138792562582378,0.7351481502827291,0.07726138119576655,0.01072466991849574,0.01211460415530968,0.01374676041417849,4.189712597367715,0.6644238517324739,3.248643567015848,0.6652296535052378,2.429940907869998,0.6761455815202794,1.71914585012087,0.7225570776255709,1.183384367445609,0.8327209239860328,0.845055063121139,1.025683588503895,0.7236744560838034,1.421423583131883,0.6762906258393769,2.141101262422778,0.665068493150685,3.007332796132152,0.6642412033306474,4.02068224550094
1.0,0.0002932231336186105,11.72892534474442,1.8667164457718874,176.624,134.621,99.0436,68.4964,45.1549,29.7722,24.0913,21.7911,21.2368,21.1963,21.2031,21.2418,21.7793,24.032,29.136,37.8974,56.0041,88.2557,126.835,172.558,4.066000000000003,7.786000000000016,10.78789999999999,12.49229999999999,7.2575,0.6362000000000023,0.05930000000000035,0.01180000000000092,0.005000000000002558,0.006799999999998363,1.16443573838285,2.977938926626283,5.759711862244009,10.03393560668431,8.738469614929388,1.079985468916046,0.1232251321085635,0.02708260654022208,0.01177063274213971,0.01603796280135654,4.74413107708837,0.5695165189363417,3.615928015041634,0.5705560032232072,2.660316948697287,0.584993284985227,1.839817351598174,0.6455009401020683,1.212863282299221,0.7825946817082998,0.799683051302713,1.017926403438087,0.6470937416062316,1.504273435401558,0.5853102336825141,2.370553317217298,0.5704217029277464,3.406795594950309,0.5693338705345152,4.634918076819769
1.2,0.0003518677603423326,14.07471041369331,2.2400597349262648,193.694,145.115,105.186,71.5057,45.7173,28.2492,21.6493,18.8929,18.2145,18.1651,18.1717,18.2185,18.8752,21.5749,27.4403,37.3457,58.1788,94.9546,139.003,192.129,1.564999999999998,6.112000000000023,10.23140000000001,13.3269,8.3716,0.8088999999999977,0.07440000000000069,0.01770000000000138,0.003999999999997783,0.006600000000002382,0.4056264141847422,2.151218859769541,5.112106189348892,10.27640157459064,10.07861502714807,1.45251797915226,0.1721257998991322,0.04686494687315851,0.01097905744791201,0.01816340459259589,5.202632285791029,0.4880929358044588,3.897797475154446,0.4893499865699705,2.825302175664787,0.5069889873757722,1.920647327424121,0.5795030889067956,1.227969379532635,0.737048079505775,0.7587751813053989,1.00310770883696,0.5815014773032501,1.562686005909213,0.507464410421703,2.550486167069568,0.489242546333602,3.733628793983347,0.4879156594144507,5.160596293311846
1.4,0.0004105123870660547,16.42049548264219,2.6134030240806423,208.382,153.413,109.603,73.4344,45.8729,26.8817,19.5922,16.4665,15.679,15.6215,15.6278,15.6819,16.4434,19.5058,25.9118,36.616,59.6515,100.21,149.055,209.152,0.7699999999999818,4.358000000000004,9.393,13.7829,9.256900000000002,0.9698999999999991,0.08639999999999759,0.02309999999999945,0.002900000000000347,0.006300000000001305,0.1844161194058404,1.440813573667298,4.4768436655498,10.35639387793898,11.22199471686494,1.837157983463872,0.2209831704946483,0.07019164445956826,0.009247183594859671,0.02016045159411988,5.597152833736235,0.4197636314799893,4.120682245500941,0.4212167606768735,2.943943056674725,0.4416706956755305,1.972452323395111,0.5239269406392695,1.232148804727371,0.6959924791834542,0.7220440504969111,0.9835079237174322,0.5262476497448294,1.602242814934193,0.4422911630405587,2.691646521622348,0.4211388665055064,4.003626107977438,0.4195944131077088,5.617835079237175
1.6,0.0004691570137897768,18.76628055159107,2.98674631323502,221.484,160.194,112.805,74.5888,45.7305,25.6454,17.8607,14.4481,13.5667,13.5022,13.5082,13.5687,14.4202,17.765,24.53,35.7755,60.5966,104.345,157.458,224.212,2.72799999999998,2.73599999999999,8.460000000000008,13.9922,9.954999999999998,1.115399999999998,0.09570000000000078,0.0279000000000007,0.001999999999998892,0.006000000000000227,0.612076392877652,0.8613199350232298,3.89592447616855,10.35037807337183,12.21382474909822,2.223001710001311,0.2686263006761994,0.09664580179643659,0.007370445985682508,0.02221366584723006,5.949073327961322,0.3628310502283105,4.302820306204674,0.3644560838033844,3.029948965887725,0.3873274241203331,2.003459575611067,0.4771689497716896,1.228323932312651,0.6588772495299491,0.6888369594413108,0.960932044050497,0.4797394574268064,1.627628256782165,0.3880768197690035,2.802712865968305,0.3644023636852002,4.229331184528606,0.3626698898737578,6.022347569164652
1.8,0.000527801640513499,21.11206562053996,3.3600896023893974,233.508,165.912,115.14,75.185,45.372,24.5158,16.3927,12.7666,11.806,11.7353,11.7409,11.807,12.7346,16.2901,23.272,34.8717,61.1461,107.607,164.569,237.753,4.244999999999976,1.343000000000018,7.533000000000001,14.03890000000001,10.5003,1.2438,0.1026000000000025,0.03200000000000003,0.001000000000001222,0.005599999999999383,0.9007747299267235,0.4063773711650648,3.381863728804429,10.29765035270749,13.08551325524621,2.602756352039643,0.3139265913569292,0.1254842909353286,0.004234955321226537,0.02385394569819384,6.272038678485093,0.3153612677947892,4.456406124093474,0.317136717700779,3.092667203867849,0.3420521085146388,2.019473542841795,0.437553048616707,1.218694601128123,0.6250872951920494,0.6584958366908408,0.9366559226430298,0.4403088906795596,1.64238785925329,0.3429116304055869,2.890330378726834,0.3171098576416868,4.420333064732742,0.3152108514638733,6.386059629331185
2.0,0.0005864462672372211,23.45785068948884,3.733432891543775,244.773,170.863,116.845,75.3736,44.8564,23.473,15.1342,11.3579,10.3317,10.2556,10.2609,10.3317,11.3224,15.0269,22.1179,33.9364,61.3974,110.184,170.658,250.108,5.335000000000008,0.2050000000000125,6.661000000000001,13.9762,10.92,1.3551,0.1073000000000004,0.03550000000000075,0.0,0.005300000000000082,1.078036942214393,0.06002559139848282,2.933986407022892,10.21868670990195,13.85913433714756,2.972303683410506,0.3557562555742344,0.1565235027755398,0.0,0.02583286622962046,6.574617244157937,0.2756083803384368,4.589390276658609,0.2775100725221596,3.13846360461993,0.3041203330647328,2.02453934998657,0.4036234219715283,1.20484555466022,0.5940881009938223,0.6304861670695676,0.9115337093741607,0.4065055063121139,1.649137792103143,0.3050738651625034,2.959548751007252,0.2775100725221596,4.583883964544722,0.2754660220252484,6.717915659414452
2.2,0.0006450908939609432,25.80363575843773,4.106776180698152,255.48,175.244,118.081,75.2602,44.2266,22.5016,14.0422,10.169,9.08953,9.00887,9.0137,9.08869,10.1306,13.9319,21.0513,32.9904,61.4221,112.216,175.929,261.527,6.046999999999997,0.6850000000000023,5.865000000000009,13.8381,11.2362,1.450299999999999,0.1102999999999987,0.0384000000000011,0.0008400000000001739,0.004830000000000112,1.169616658962064,0.1950605541997825,2.546711420470093,10.12428090542813,14.55145887563619,3.329973434604811,0.3942932927243369,0.1891662889909215,0.004620914478976346,0.02679972945035093,6.862207896857373,0.2421085146387322,4.70706419554123,0.2441227504700511,3.171662637657803,0.2721085146387322,2.021493419285523,0.374211657265646,1.187929089443997,0.5654391619661564,0.6043943056674725,0.8861240934730057,0.377174321783508,1.649801235562718,0.27313994090787,3.014128391082461,0.2441453129196884,4.72546333601934,0.2419787805533172,7.024630674187484
2.6,0.0007623801474083874,30.4952058963355,4.8534627590069075,275.684,182.786,119.565,74.4074,42.7412,20.7297,12.2316,8.289475,7.13599,7.0482,7.05227,7.133615,8.246925000000001,12.119,19.1326,31.1169,60.9918,115.054,184.609,282.268,6.583999999999946,1.823000000000008,4.510999999999996,13.4156,11.6243,1.597100000000001,0.1126000000000005,0.04254999999999853,0.002374999999999794,0.004070000000000462,1.180029823353971,0.4961961921093122,1.922691683111766,9.908182618508823,15.73869352176674,4.00654252263417,0.4624116038208523,0.2573111439007192,0.01664376834537322,0.02886428608408416,7.404888530754769,0.1894243889336557,4.909642761214075,0.191609320440505,3.211522965350524,0.2215128928283643,1.998587160891754,0.3255170561375235,1.148031157668547,0.5139027665860866,0.5568009669621274,0.8358017727639002,0.3285414987912973,1.638243352135375,0.2226557883427344,3.090357238785926,0.1916731130808488,4.958608648939029,0.1893150684931507,7.581735159817351
3.0,0.0008796694008558315,35.18677603423326,5.600149337315663,294.685,189.174,120.163,73.0181,41.08285,19.1398,10.7771,6.884975000000001,5.693765,5.601195000000001,5.60459,5.69015,6.840145,10.6658,17.4444,29.3134,60.1434,116.72,191.478,301.009,6.324000000000012,2.304000000000002,3.442999999999998,12.8747,11.76945,1.695399999999999,0.1113,0.04483000000000104,0.003614999999999924,0.003394999999999371,1.061618884863707,0.6052772611203938,1.453460146992396,9.668485260379319,16.71885931423904,4.634241011146886,0.51905292660974,0.3266273810356561,0.03175533197498333,0.03029685113536777,7.915256513564331,0.1505396185871609,5.081224818694602,0.1528377652430835,3.227585280687618,0.1837266988987376,1.961270480795058,0.2864840182648402,1.103487778673113,0.4685576148267527,0.5140961590115499,0.7873596561912437,0.2894735428417943,1.615455278001612,0.1849308353478378,3.135106097233414,0.1529348643567016,5.14311039484287,0.1504484286865432,8.085119527262961
3.2,0.0009383140275795536,37.53256110318215,5.97349262647004,303.818,192.041,120.232,72.1954,40.22095,18.40195,10.1477,6.31124,5.112305,5.018105,5.021195,5.108185,6.265855,10.03795,16.6722,28.447,59.6182,117.233,194.41,309.83,6.012,2.369,2.998999999999995,12.5772,11.77395,1.729749999999999,0.10975,0.04538499999999956,0.004120000000000346,0.003089999999999371,0.9797147550387195,0.6130143278190507,1.262922957067355,9.541655792725487,17.14620867522622,4.931694709636582,0.543703076195218,0.3608543944368677,0.04031117881824008,0.03077903837916359,8.160569433252753,0.1348695944131077,5.158232608111738,0.1372061509535321,3.229438624764975,0.1683012355627183,1.939172710179963,0.2696199301638464,1.080337093741606,0.4478162771958099,0.4942774644104218,0.7640881009938222,0.2725678216492077,1.601348374966425,0.1695202793446146,3.148885307547677,0.1373168143969917,5.221864088100994,0.1347865968305131,8.322052108514638
3.4,0.0009969586543032757,39.87834617213102,6.346835915624417,312.733,194.727,120.185,71.31365,39.34885,17.6982,9.57083,5.804650000000001,4.604229999999999,4.50883,4.511649999999999,4.59967,5.75903,9.46302,15.9424,27.6065,59.04564999999999,117.578,197.071,318.3575,5.624500000000012,2.343999999999994,2.606999999999999,12.268,11.74235,1.755800000000001,0.1078100000000006,0.04562000000000044,0.004559999999999675,0.002819999999999823,0.8912350922728216,0.5982674745659738,1.096470014257895,9.410912761881969,17.5375828817264,5.219288597706345,0.5664119450347703,0.394511089895262,0.04954421495235364,0.03126219447301943,8.400026860059093,0.1211831856030083,5.2303787268332,0.1235474080042976,3.228176201987645,0.1546878861133495,1.915488853075477,0.2541772763900081,1.05691243620736,0.4282138060703733,0.4753746978243352,0.741512221326887,0.2570730593607307,1.585969648133226,0.1559132420091325,3.158152027934462,0.1236698898737577,5.293338705345152,0.1211074402363685,8.551101262422778
4.0,0.001172892534474442,46.91570137897769,7.46686578308755,338.2895,201.862,119.517,68.4443,36.72915,15.77095,8.091205,4.592465,3.41738,3.32061,3.32273,3.41186,4.547655,7.990795,13.97735,25.2459,57.14305,117.838,203.771,342.5425,4.253000000000043,1.908999999999992,1.679000000000002,11.30125,11.48325000000001,1.7936,0.1004100000000001,0.04481000000000002,0.005520000000000191,0.002119999999999678,0.6246768659522529,0.4706224592180596,0.7073792420635766,8.99871682936219,18.52882732648058,6.029252091716164,0.6243626414625053,0.4902561454335393,0.08082890629118601,0.03191165889446691,9.086475960247112,0.08924872414719313,5.422025248455547,0.09164276121407468,3.210233682514102,0.1221502820306205,1.838417942519474,0.214633225893097,0.9865471394037069,0.3754324469513833,0.4236086489390277,0.6781063658340049,0.2173302444265378,1.53486569970454,0.1233538812785388,3.165135643298415,0.09179102874026324,5.473301101262423,0.08919178082191782,9.200711791565944
4.2,0.001231537161198164,49.26148644792656,7.840209072241928,346.4435,203.975,119.1615,67.44475,35.86825,15.18435,7.666175,4.267564999999999,3.1086,3.01199,3.01392,3.102865,4.2234,7.568505,13.38895,24.5125,56.4705,117.7245,205.6615,350.2255,3.782000000000039,1.686499999999995,1.436999999999998,10.97425,11.35575,1.795400000000001,0.09766999999999992,0.04416499999999957,0.005735000000000046,0.001930000000000209,0.5428689951756198,0.4117064763515936,0.6066209062587057,8.856254577221122,18.80690451841026,6.283488431507739,0.6411030622238203,0.5201411147025052,0.09232926531824691,0.03202835754268168,9.30549288208434,0.08095406929895246,5.478780553317217,0.08334313725490197,3.20068493150685,0.1134407735697019,1.811569970453935,0.2032904915390814,0.9634233145312922,0.359627988181574,0.4078525382755843,0.6584071984958367,0.2059139135106098,1.516800966962127,0.1146270480795058,3.162087026591459,0.08349717969379533,5.524080042976094,0.08090222938490466,9.407077625570777
4.4,0.001290181787921886,51.60727151687546,8.213552361396305,354.4285,205.9705,118.756,66.43504999999999,35.01835,14.62335,7.269455000000001,3.97355,2.83359,2.73739,2.73915,2.82768,3.93017,7.17459,12.8305,23.80515,55.78700000000001,117.532,207.4125,357.751,3.322499999999991,1.442000000000007,1.224000000000004,10.64804999999998,11.2132,1.79285,0.09486500000000042,0.04337999999999997,0.005910000000000082,0.001759999999999984,0.4665256441669538,0.3488290519929477,0.5180119176598066,8.71205318516584,19.06244953122477,6.530413767103702,0.6567758546861382,0.5488554756494407,0.1043935371391946,0.03213707925076752,9.519970453934999,0.0735737308622079,5.532379801235564,0.07595165189363418,3.189793177544991,0.1055645984421166,1.784449368788611,0.192709911361805,0.9405949503088907,0.344627988181574,0.3927840451248993,0.6394077356970185,0.1952579908675799,1.498442116572657,0.1067297878055332,3.156916465216224,0.07611039484286866,5.571112006446415,0.07352645715820576,9.609213000268602
4.6,0.001348826414645608,53.95305658582433,8.586895650550682,362.251,207.8575,118.307,65.4203,34.18129999999999,14.0867,6.898395,3.706495,2.587925,2.49236,2.49397,2.581885,3.664015,6.80635,12.3002,23.12305,55.09605000000001,117.2715,209.0385,365.133,2.882000000000005,1.180999999999983,1.035499999999999,10.32424999999999,11.05824999999999,1.7865,0.09204499999999971,0.0424800000000003,0.006039999999999601,0.001610000000000333,0.3962143791999831,0.2832840804421206,0.4395562413378126,8.566679956702963,19.29740063363426,6.770405011577715,0.6716286950249692,0.5763508902369074,0.1168321466359422,0.03228827614699255,9.730083266183186,0.06698818157399947,5.583064732742413,0.06934958366908409,3.177733011012625,0.09841565941445073,1.757193123824873,0.1828189632017191,0.9181117378458231,0.3303840988450175,0.3783695944131077,0.6210864893902767,0.1852912973408542,1.47988315874295,0.09955667472468441,3.149919419822724,0.06951181842600054,5.614786462530218,0.06694493687886113,9.807493956486704
4.8,0.00140747104136933,56.29884165477322,8.960238939705059,369.918,209.6415,117.8205,64.4046,33.35855,13.57335,6.55072,3.463125,2.367885,2.273155,2.27462,2.361745,3.42162,6.461505,11.7964,22.46555,54.4006,116.9505,210.5525,372.383,2.465000000000032,0.9110000000000014,0.8699999999999903,10.004,10.893,1.776949999999999,0.08921500000000027,0.0415049999999999,0.006140000000000256,0.00146500000000005,0.332075532701698,0.2168046188189268,0.3705738783750933,8.420506846501672,19.51307768508583,7.004207767124231,0.6856244800562568,0.6028545719558227,0.1298198802020508,0.03221355498018371,9.936019339242547,0.06109642761214076,5.630983078162773,0.06343661026054258,3.164665592264303,0.09190491539081387,1.729911361804996,0.1735564061240935,0.8960126242277734,0.3168520010744024,0.3645809830781628,0.6034260005372012,0.1759527262959979,1.461203330647328,0.09301974214343271,3.14129734085415,0.06360153102336827,5.655452591995703,0.06105707762557078,10.00222938490465
5.2,0.001524760294816775,60.99041179267099,9.706925518013815,384.8125,212.9255,116.755,62.3834,31.7603,12.612,5.91793,3.036665,1.992435,1.89987,1.90109,1.986195,2.997305,5.83427,10.8624,21.2206,53.0045,116.1575,213.2845,386.524,1.711500000000001,0.3589999999999804,0.5974999999999966,9.378900000000002,10.5397,1.749599999999999,0.08366000000000007,0.03936000000000028,0.006240000000000023,0.001219999999999999,0.221887593806335,0.08423077825484632,0.2565341061557437,8.128148618702657,19.89339554443205,7.453225641549939,0.7118667143173198,0.652306856016856,0.15683790651556,0.03209715440309813,10.33608648939028,0.05106338973945743,5.719191512221327,0.05334931506849315,3.136046199301639,0.08050778941713672,1.675621810367983,0.1567088369594413,0.8530835347837766,0.291764705882353,0.3387590652699436,0.569986569970454,0.1589559495030889,1.423704002148805,0.08156500134300297,3.119997313994091,0.05351692183722805,5.728834273435401,0.05103062046736503,10.38205748052646
5.4,0.001583404921540497,63.33619686161987,10.080268807168192,392.051,214.436,116.184,61.383,30.98625,12.16195,5.629564999999999,2.84919,1.831995,1.740715,1.74183,1.825745,2.810965,5.54862,10.42945,20.6315,52.3074,115.6975,214.52,393.4299999999999,1.378999999999962,0.08400000000000318,0.4865000000000066,9.075599999999994,10.35475,1.732500000000002,0.08094499999999982,0.03822500000000018,0.006250000000000089,0.001114999999999977,0.1755612166303147,0.01958242803457772,0.2098054394162564,7.982732051254983,20.06044432390021,7.668847437520481,0.7241336585501119,0.675334862737861,0.1708705375450439,0.0320168152888183,10.53051302712866,0.04678565672844481,5.75976363147999,0.0490396185871609,3.120709105560032,0.07550268600590922,1.648751007252216,0.1490362610797744,0.8322925060435133,0.2801356432984153,0.3266706956755305,0.5541633091592801,0.1512104485629868,1.404979854955681,0.07652941176470589,3.107641686811711,0.04920749395648671,5.762019876443728,0.04675570776255708,10.56755304861671
5.6,0.001642049548264219,65.68198193056875,10.45361209632257,399.1585,215.865,115.5925,60.39195,30.2295,11.73115,5.358035,2.67647,1.68695,1.597075,1.598095,1.68072,2.63939,5.279735000000001,10.0175,20.06335,51.61275,115.2015,215.678,400.234,1.075500000000034,0.1870000000000118,0.3910000000000053,8.779200000000003,10.16615,1.713649999999999,0.07829999999999959,0.03708,0.006229999999999958,0.001019999999999799,0.1345396660589177,0.04333287760432027,0.169415149440629,7.838242502323565,20.21390714584678,7.879339637172881,0.7360565231246736,0.6975353000267125,0.1849943729640956,0.03192318405592813,10.72142089712598,0.0429249261348375,5.798146655922643,0.04514423851732474,3.104821380607038,0.07089417136717702,1.622131345688961,0.141813994090787,0.811966156325544,0.2690706419554123,0.3150993822186409,0.5389027665860865,0.1439171367177008,1.386321514907333,0.0718901423583132,3.094319097502015,0.04531157668546871,5.793123824872415,0.04289752887456353,10.75030889067956
5.8,0.001700694174987941,68.02776699951764,10.826955385476946,406.1405,217.2175,114.9825,59.4119,29.49035,11.3186,5.10211,2.51699,1.555585,1.467195,1.468135,1.54938,2.481075,5.026405,9.625395000000001,19.51535,50.92149999999999,114.673,216.764,406.9415,0.8010000000000446,0.4534999999999911,0.3094999999999857,8.490400000000008,9.975000000000001,1.693204999999999,0.07570499999999925,0.0359149999999997,0.006205000000000016,0.0009399999999999409,0.09851404901351211,0.1044975419459104,0.1347670750319438,7.695221936421798,20.35477505677911,8.084441387614918,0.7474442205989649,0.7185780897207158,0.1998412220427611,0.03202365662463644,10.90895782970722,0.03943419285522429,5.83447488584475,0.04161643835616439,3.088436744560838,0.06664182111200645,1.595807144775719,0.1350095353209777,0.7921125436475961,0.2585386784850927,0.3040182648401827,0.5241834542035992,0.1370429760945474,1.367754499059898,0.06760650013430029,3.080123556271824,0.04178310502283105,5.822293849046469,0.03940894439967768,10.93047273704002
6.0,0.001759338801711663,70.37355206846652,11.200298674631325,413.002,218.497,114.357,58.44405,28.7689,10.9235,4.86071,2.369435,1.436375,1.34956,1.35042,1.43021,2.33469,4.78751,9.25205,18.9867,50.2346,114.117,217.7845,413.5575,0.555499999999995,0.7125000000000341,0.2400000000000091,8.209450000000004,9.782200000000003,1.67145,0.07319999999999993,0.03474500000000003,0.006164999999999976,0.0008599999999998609,0.06720629307387974,0.1633119900798072,0.1050447753354908,7.553875577217791,20.48388042449472,8.284532515842196,0.7586891675355655,0.7386070735790401,0.2150642663657271,0.03185208779323776,11.09325812516788,0.0362723609991942,5.86884233145313,0.03841552511415525,3.071635777598711,0.06270991136180501,1.569810636583401,0.1285928015041633,0.772734354015579,0.2485106097233414,0.2934058554928821,0.5099838839645447,0.1305589578297073,1.349304324469514,0.06364316411496106,3.0651893634166,0.03858111737845824,5.849704539349987,0.03624926134837497,11.10817888799355
6.2,0.001817983428435385,72.71933713741541,11.573641963785702,419.7485,219.707,113.7175,57.4893,28.06505,10.54495,4.63283,2.232665,1.328005,1.24283,1.24362,1.321905,2.19908,4.562075,8.896415000000001,18.4764,49.55275,113.5365,218.744,420.084,0.3354999999999677,0.9629999999999939,0.1810000000000116,7.936549999999997,9.588650000000001,1.648534999999999,0.07075500000000012,0.03358499999999998,0.006099999999999994,0.0007899999999998464,0.03994844210005778,0.219636857938514,0.07964656287678616,7.41442264979043,20.6023877640254,8.479522914157513,0.7695022406430531,0.7578278984914516,0.2301964972395287,0.03177220535300716,11.27446951383293,0.03340370668815471,5.901343002954607,0.03550644641418212,3.054458769809294,0.05906741874832125,1.54416599516519,0.122537604082729,0.7538289014235832,0.2389582326081118,0.2832379801235563,0.4962771958098308,0.1244380875637927,1.330989793177545,0.05996951383293044,3.049597099113618,0.03567029277464411,5.875476766048886,0.03338248724147194,11.28348106365834
6.4,0.001876628055159107,75.0651222063643,11.94698525294008,426.384,220.8515,113.0665,56.5485,27.3789,10.1822,4.41757,2.10567,1.22933,1.145845,1.14657,1.2233,2.073235,4.349175,8.557504999999999,17.98385,48.87655,112.9335,219.646,426.526,0.1419999999999959,1.205499999999972,0.1329999999999814,7.671949999999995,9.395050000000001,1.624695000000001,0.06839499999999976,0.03243499999999999,0.00602999999999998,0.0007250000000000867,0.01664888440749855,0.2736678414746899,0.05884955752211565,7.277160409219626,20.71093573471626,8.669800298350486,0.7801641316132699,0.7761602620782235,0.2458585273767335,0.03162603629796903,11.45269943593876,0.0307969379532635,5.93208434058555,0.03285791028740263,3.036972871340317,0.05568721461187215,1.518896051571313,0.1168190975020145,0.7353988718775183,0.2298550899811979,0.2734944936878861,0.4830472737040022,0.1186561912436207,1.312827021219447,0.05655842062852538,3.033400483481064,0.03301987644372818,5.899704539349988,0.0307774644104217,11.45651356432984
6.6,0.00193527268188283,77.41090727531318,12.320328542094456,432.9135,221.934,112.406,55.6223,26.71025,9.83458,4.214090000000001,1.987565,1.139325,1.057585,1.05825,1.133385,1.956265,4.147985,8.234415,17.5081,48.20655,112.312,220.495,432.8855,0.02800000000002001,1.438999999999993,0.0940000000000083,7.415750000000003,9.202150000000003,1.600165000000001,0.0661050000000003,0.03129999999999988,0.005939999999999834,0.0006650000000001377,0.00323400696928733,0.3252499271069467,0.04183020496800803,7.142282708515026,20.8107041533662,8.855860550074867,0.7905334501305034,0.7936447564930508,0.261361986351089,0.0314296719734827,11.62808219178082,0.02842465753424658,5.96116035455278,0.03044278807413377,3.019231802309966,0.05254539349986571,1.494018264840183,0.1114151222132689,0.7174388933655655,0.2211768734891217,0.2641573999462799,0.4702686005909213,0.1131907064195541,1.29483078162772,0.05338611334944937,3.016706956755305,0.03060233682514102,5.922508729519206,0.02840679559495031,11.62733011012624
6.8,0.001993917308606551,79.75669234426205,12.693671831248833,439.341,222.957,111.7365,54.7111,26.05885,9.501249999999999,4.021635,1.877565,1.05712,0.977148,0.977762,1.05127,1.847375,3.95775,7.926270000000001,17.04855,47.5431,111.6735,221.2945,439.166,0.1750000000000114,1.662499999999994,0.0630000000000166,7.168000000000006,9.0103,1.574979999999998,0.06388499999999997,0.03019000000000016,0.005850000000000133,0.0006140000000000034,0.0199201599987264,0.3742249604109372,0.02819927487579634,7.009981008115076,20.90197970650051,9.037315693799222,0.8006256121242424,0.8104828534150929,0.2774628982304096,0.03140809551334862,11.80072522159549,0.02626274509803922,5.98863819500403,0.02823717432178351,3.001248992747784,0.04962060166532366,1.469543378995434,0.1063053988718775,0.6999422508729519,0.2129000805801773,0.2552041364491002,0.457925060435133,0.1080213537469782,1.277010475423046,0.05043150684931508,2.99955680902498,0.02839430566747247,5.943983346763363,0.02624625302175665,11.79602471125436
7.0,0.002052561935330274,82.10247741321095,13.067015120403212,445.6715,223.924,111.0595,53.81525,25.42445,9.181585,3.83951,1.77497,0.981924,0.903743,0.9043085,0.976171,1.745865,3.77775,7.632265,16.60445,46.8866,111.02,222.0465,445.3695,0.3020000000000209,1.877499999999998,0.03949999999998965,6.928649999999998,8.82,1.54932,0.06175999999999959,0.02910500000000016,0.005753000000000008,0.0005654999999999966,0.0338929409533367,0.4209919714420567,0.01778642333037928,6.880360191992498,20.98555993613918,9.214546341260329,0.8107902316580975,0.8266504962601247,0.2938059695775745,0.03127676396385814,11.97076282567822,0.02428977974751545,6.014611872146119,0.02622001074402364,2.983064732742412,0.04689403706688155,1.445480795057749,0.1014705882352941,0.6829022293849047,0.2050030889067956,0.2466179156594145,0.4459965081923181,0.1031294654848241,1.259376846629063,0.047675799086758,2.982003760408273,0.02637453666398066,5.964182111200645,0.02427459038409885,11.96265108783239
7.2,0.002111206562053996,84.44826248215983,13.44035840955759,451.909,224.8375,110.377,52.93495,24.80685,8.874925,3.667055,1.679155,0.913039,0.8366675,0.8371895,0.9073915,1.651115,3.60736,7.351625,16.1751,46.2373,110.3535,222.754,451.4985,0.4104999999999563,2.083499999999958,0.02350000000001273,6.697650000000003,8.63175,1.523299999999999,0.05969500000000005,0.02804000000000006,0.005647500000000027,0.0005220000000000224,0.04543907372918161,0.4654914134875122,0.01064646707184224,6.753552531075985,21.06232133902853,9.387701020857786,0.8206158158422369,0.8419737738982145,0.3102288167551591,0.03118545968980758,12.13830244426538,0.02248695944131077,6.039148536126779,0.02437258930969648,2.964732742412034,0.04434904646790223,1.421835885038947,0.09689390276658609,0.6663134568896052,0.1974650819231803,0.2383810099382219,0.434464141821112,0.0984973139940908,1.241936610260543,0.04510220252484556,2.964101531023368,0.02452428149341929,5.983185603008327,0.02247293849046468,12.12727639000806
7.4,0.002169851188777718,86.79404755110872,13.813701698711968,458.0555,225.7,109.6895,52.0703,24.2057,8.580660000000002,3.50368,1.589575,0.849852,0.7752995,0.775782,0.8443164999999999,1.56257,3.445965,7.08364,15.75995,45.59555,109.6765,223.4205,457.5545,0.5010000000000332,2.279499999999985,0.01300000000000523,6.47475,8.44575,1.497020000000002,0.05771499999999996,0.02700499999999995,0.005535500000000138,0.0004824999999999413,0.05471761994736113,0.5075475290039053,0.005926169050812446,6.629492294389492,21.13252255374303,9.556890508991794,0.8304740745750318,0.8567182030014464,0.3267384560626725,0.03110732737125298,12.30339779747515,0.0208375503626108,6.062315337093742,0.02267839108246038,2.946266451786194,0.04197072253558958,1.398611334944937,0.09255882352941178,0.6501665323663712,0.1902669889873758,0.2304770346494763,0.4233131882890143,0.09410905183991405,1.224699167338168,0.04269607843137255,2.945917271017997,0.02282707493956487,6.001087832393232,0.02082459038409885,12.28994090787
7.6,0.00222849581550144,89.13983262005759,14.187044987866344,464.1165,226.514,108.998,51.2214,23.6206,8.2982,3.34882,1.50572,0.791818,0.719087,0.7195325,0.7863975000000001,1.47972,3.29303,6.82763,15.35835,44.9614,108.989,224.0475,463.54,0.57650000000001,2.466499999999996,0.00899999999998613,6.260000000000005,8.262249999999998,1.470569999999999,0.05579000000000001,0.02600000000000025,0.005420499999999939,0.0004454999999999876,0.06214584816686025,0.5474280425646657,0.004128686573046159,6.508440178493458,21.19669719168936,9.722243341357132,0.8399768136889573,0.8708934026475242,0.3434575316235292,0.03096718764065046,12.46619661563255,0.01932668546870803,6.084179425194736,0.02112268331990331,2.927692720923986,0.03974536663980661,1.375809830781628,0.08845098039215686,0.634450711791566,0.1833905452591996,0.2228901423583132,0.4125261885576149,0.0899495030889068,1.207665860864894,0.040443728176202,2.927450980392157,0.0212682782702122,6.017929089443998,0.01931471931238249,12.45071179156594
7.8,0.002287140442225162,91.48561768900647,14.56038827702072,470.0945,227.2815,108.303,50.38825,23.0513,8.026995,3.201975,1.427145,0.7384495,0.667538,0.66795,0.7331475000000001,1.40212,3.14803,6.58295,14.9697,44.3351,108.294,224.637,469.4565,0.6379999999999768,2.644499999999994,0.009000000000000341,6.053150000000002,8.081599999999998,1.444044999999999,0.05394499999999969,0.02502499999999985,0.005301999999999918,0.000412000000000079,0.06790477579183853,0.5851718838684395,0.004155182204739836,6.390346202916179,21.2556218931643,9.883986558470953,0.8495268901363021,0.8845053397260367,0.3602888562561569,0.03085014616380521,12.62676604888531,0.01794117647058824,6.104794520547945,0.01969238517324738,2.909024979854956,0.03766102605425732,1.35343137254902,0.08455627182379803,0.6191592801504163,0.1768184260005372,0.2156055600322321,0.4020870265914585,0.08600523771152298,1.190843405855493,0.03833319903303787,2.908783239323127,0.01983479720655386,6.033763094278808,0.01793011012624228,12.60962933118453
8.0,0.002345785068948884,93.83140275795537,14.9337315661751,475.9924999999999,228.0055,107.6055,49.57080000000001,22.49735,7.766515,3.062655,1.35345,0.6893130000000001,0.6202129999999999,0.620594,0.684132,1.329365,3.010485,6.349015,14.59355,43.71675,107.591,225.1915,475.306,0.6864999999999668,2.813999999999965,0.01450000000001239,5.854050000000001,7.9038,1.4175,0.05216999999999983,0.02408499999999991,0.005181000000000102,0.0003810000000000757,0.07216452038975851,0.6209220272861393,0.006738027802502546,6.275274674916428,21.30926992874263,10.04213090121306,0.8590284432764571,0.8977510562599326,0.37722660900146,0.03070582290397103,12.78518667741069,0.01666919151222133,6.124241203330647,0.01837582594681708,2.890290088638195,0.0357068224550094,1.331474617244158,0.080861804995971,0.604280150416331,0.1705349180768198,0.2086090518399141,0.3919836153639538,0.08226309427880742,1.174234488315875,0.03635374697824335,2.889900617781359,0.01851498791297341,6.048656997045395,0.01665895782970723,12.76674724684394
8.2,0.002404429695672606,96.17718782690423,15.307074855329475,481.814,228.688,106.907,48.76895,21.9585,7.51626,2.93042,1.284255,0.6440205,0.57672,0.577073,0.6389625,1.26109,2.879965,6.125249999999999,14.2293,43.10645,106.883,225.7115,481.09,0.7239999999999327,2.976499999999987,0.02400000000000091,5.662500000000001,7.729200000000001,1.391010000000001,0.05045499999999947,0.0231650000000001,0.005058000000000007,0.0003529999999999367,0.07518921927834267,0.6550403334510684,0.01122596940923379,6.163238472975356,21.35857941074064,10.19689169307504,0.8683589813755795,0.9100927379196181,0.394237491845177,0.030594742731143,12.94155251141552,0.01550021488047274,6.142573193661026,0.01716257050765512,2.871528337362342,0.03387295192049422,1.309936878861134,0.07735603008326619,0.5898066075745367,0.1645245769540693,0.2018871877518131,0.3821998388396455,0.0787112543647596,1.157841794251947,0.03449516518936342,2.870883695944131,0.01729842868654311,6.062624227773302,0.01549073327961322,12.92210582863282
8.4,0.002463074322396328,98.52297289585313,15.680418144483856,487.5615,229.3295,106.2065,47.9825,21.4343,7.27575,2.804855,1.219235,0.6022244999999999,0.5366474999999999,0.536975,0.5972905,1.196955,2.75605,5.911135,13.8765,42.50425,106.17,226.2,486.8099999999999,0.7515000000000782,3.129500000000007,0.03650000000000375,5.478250000000003,7.5578,1.364615000000001,0.04880499999999977,0.02227999999999986,0.004933999999999994,0.0003275000000000361,0.07712664009570049,0.6870027078378036,0.01718645895379373,6.054201305716033,21.40364987482583,10.34827406169084,0.877644915710658,0.9221129133056529,0.4113329137192944,0.03050420422448636,13.09593070104754,0.01442318023099651,6.159803921568628,0.01604325812516787,2.852712865968305,0.03215028203062047,1.288812785388128,0.0740276658608649,0.5757265645984422,0.1587734354015579,0.1954270749395649,0.372723609991942,0.0753385710448563,1.141666666666667,0.03274872414719313,2.851732473811443,0.01617578565672844,6.075745366639807,0.01441438356164383,13.07574536663981
8.6,0.00252171894912005,100.868757964802,16.053761433638233,493.238,229.934,105.5055,47.21129999999999,20.9244,7.044535,2.685565,1.15809,0.5636129999999999,0.4992395,0.499542,0.558804,1.13666,2.63835,5.70617,13.53465,41.91025,105.453,226.6585,492.468,0.7700000000000387,3.275500000000022,0.05249999999999488,5.301049999999989,7.389749999999999,1.338365,0.04721500000000001,0.02143000000000006,0.004808999999999952,0.0003024999999999833,0.07811659866126804,0.7173792824017087,0.02488641130838287,5.948112437451985,21.44501952317315,10.49640000298023,0.886847367022201,0.9338707920252777,0.4284503887592537,0.03028690459324521,13.24840182648402,0.01341772763900081,6.176040827289821,0.01500950846091861,2.833883964544722,0.03053075476766049,1.268098307816277,0.07086623690572119,0.5620306204673651,0.1532680633897395,0.189216626376578,0.3635414987912973,0.07213443459575612,1.125711791565942,0.03110636583400484,2.832473811442386,0.01513867848509267,6.088060703733549,0.01340960247112544,13.22771958098308
8.8,0.002580363575843773,103.2145430337509,16.42710472279261,498.8455,230.5015,104.804,46.45515,20.42835,6.8222,2.5722,1.10054,0.5279075,0.4651005,0.4653825,0.523223,1.07993,2.526515,5.509875,13.2034,41.3245,104.7335,227.087,498.065,0.7805000000000177,3.414500000000004,0.07050000000000978,5.130650000000003,7.224950000000002,1.312325,0.04568499999999975,0.02061000000000002,0.00468449999999998,0.0002820000000000045,0.07829188277182533,0.7461944520021819,0.03364552884329048,5.84491963684066,21.48252767102515,10.64155869957003,0.8960100731262635,0.945209060431926,0.4456630266175304,0.03030684064082895,13.39901960784314,0.01250020145044319,6.191283910824604,0.01405380069836154,2.815041633091593,0.02900698361536396,1.247788074133763,0.06786234219715284,0.548706688154714,0.1479955680902498,0.1832446951383293,0.3546441042170293,0.06908944399677679,1.109978511952726,0.02956056943325276,2.813147998925598,0.01417962664517862,6.099570239054526,0.01249262691377921,13.37805533172173
9.0,0.002639008202567495,105.5603281026998,16.800448011946987,504.3865,231.035,104.1035,45.71385,19.94585,6.60833,2.464415,1.046335,0.4948545,0.4337245,0.4339865,0.490294,1.026515,2.4202,5.321825,12.8823,40.7469,104.0115,227.488,503.602,0.7845000000000368,3.546999999999997,0.09199999999998454,4.966950000000004,7.063549999999999,1.286505,0.04421499999999945,0.01982000000000017,0.004560500000000023,0.00026200000000004,0.07782826887410292,0.7735707914324902,0.04420632823197969,5.744745448079048,21.51674706006887,10.78364027961078,0.9051890476526696,0.9561714547603625,0.4629251326069139,0.03019438499685264,13.54785119527263,0.01165690303518668,6.205613752350255,0.01316932581251679,2.796226161697556,0.02757225355895783,1.227876712328767,0.06500671501477305,0.5357467096427613,0.1429445339779748,0.1775001343002955,0.3460193392425464,0.06619433252753155,1.094464141821112,0.02810461993016385,2.79375503626108,0.01329182111200645,6.11034112275047,0.01164986569970454,13.52677947891485
9.2,0.002697652829291216,107.9061131716487,17.173791301101364,509.864,231.5345,103.403,44.9871,19.47655,6.402545,2.36189,0.9952395,0.4642275,0.404749,0.4049925,0.459791,0.9761865000000001,2.3191,5.1416,12.57085,40.17755,103.2875,227.862,509.0815,0.7824999999999704,3.672499999999985,0.1154999999999973,4.809550000000002,6.905700000000003,1.260945,0.04279000000000011,0.01905299999999999,0.00443650000000001,0.0002434999999999521,0.07679507883394847,0.7994183673580415,0.0558806524731409,5.647354859087664,21.5483939414742,10.92280978799209,0.9141228671712631,0.966457782336237,0.4801310796266535,0.0300713252315649,13.69497716894977,0.01087812248186946,6.219030351866774,0.01235001343002955,2.777410690303519,0.02622042707493957,1.208356164383562,0.06229116304055868,0.5231412839108247,0.1381036798280957,0.1719727370400215,0.3376537738383025,0.06344050496911094,1.079171367177008,0.02673219178082192,2.774308353478378,0.01246917808219178,6.120386784850927,0.01087158205748053,13.67395917271018
9.4,0.002756297456014939,110.2518982405976,17.54713459025574,515.279,232.0025,102.704,44.27475,19.02005,6.20447,2.264345,0.947049,0.4358205,0.3779665,0.3781935,0.431507,0.9287285000000001,2.222925,4.9688,12.2689,39.61635,102.563,228.2105,514.5039999999999,0.775000000000091,3.791999999999973,0.1410000000000053,4.6584,6.751149999999997,1.23567,0.04142000000000001,0.01832049999999996,0.004313500000000026,0.0002270000000000327,0.07525857389373208,0.8239662938682681,0.0686910219372843,5.552913241094705,21.57678669306576,11.05916173152533,0.9230556663628444,0.9766883332378153,0.4973323225655852,0.03002010156581051,13.84042438893366,0.01015829975825947,6.231600859521891,0.01159030351866774,2.75863550899812,0.02494570239054526,1.189222401289283,0.05970789685737309,0.5108796669352672,0.1334622616169756,0.1666524308353478,0.3295433789954338,0.06082044050496912,1.064097502014504,0.02543779210314263,2.75484824066613,0.01170616438356164,6.129747515444535,0.01015220252484555,13.81960784313725
9.6,0.002814942082738661,112.5976833095464,17.920477879410118,520.634,232.4405,102.0065,43.57644999999999,18.576,6.01378,2.171485,0.9015655,0.4094495,0.353192,0.3534025,0.4052575,0.8839505,2.131385,4.80307,11.9759,39.0634,101.8385,228.535,519.8710000000001,0.76299999999992,3.905499999999989,0.1680000000000064,4.513049999999993,6.600100000000001,1.21071,0.04010000000000025,0.01761500000000005,0.004192000000000029,0.0002104999999999468,0.07332977736771279,0.84722506944512,0.08241556084280034,5.461106233856902,21.60291176653498,11.19281491376879,0.9319361263528817,0.9865495464616418,0.5145408103772312,0.02979077816200761,13.98426000537201,0.009492412033306473,6.243365565404244,0.01088524039752888,2.739900617781359,0.02374296266451786,1.170466022025248,0.05724912704807951,0.498952457695407,0.1290107440236369,0.1615304861670696,0.3216733816814397,0.05832621541767392,1.049245232339511,0.02421610260542573,2.735388127853881,0.01099783776524309,6.138463604619931,0.009486757990867581,13.96376578028472
9.8,0.002873586709462383,114.9434683784953,18.2938211685645,525.9315,232.849,101.31,42.89195,18.144,5.830125,2.08307,0.858611,0.384945,0.330254,0.330451,0.3808735,0.8416745,2.044235,4.644055,11.69155,38.51855,101.1145,228.8355,525.1835,0.7480000000000473,4.013499999999993,0.1955000000000098,4.373399999999997,6.452449999999999,1.18607,0.03883500000000017,0.01693650000000002,0.004071500000000006,0.0001969999999999472,0.07116252741137243,0.869316600405687,0.09657921842465204,5.372034319897305,21.62671712101838,11.32375040337286,0.9409287658653812,0.9960974201097416,0.5316533878458154,0.02981663526081189,14.12655116841257,0.008875933387053453,6.254337899543379,0.01023028471662638,2.721192586623691,0.02260742680633897,1.152080311576686,0.05490827289820038,0.4873489121676068,0.1247395917271018,0.1565975020145045,0.3140357238785925,0.05595138329304326,1.034610529143164,0.02306234219715284,2.715941445071179,0.01033964544721998,6.146535052377116,0.008870641955412303,14.10645984421166
10.0,0.002932231336186105,117.2892534474442,18.667164457718876,531.1725,233.2305,100.6165,42.22095,17.7238,5.653214999999999,1.998835,0.8180205,0.362157,0.3090015,0.309185,0.358203,0.801736,1.96123,4.491425,11.4156,37.9818,100.3905,229.1135,530.443,0.72950000000003,4.117000000000019,0.2259999999999991,4.239150000000002,6.308200000000001,1.16179,0.03760500000000011,0.01628450000000004,0.003953999999999958,0.0001834999999999476,0.06871602760133307,0.890462512761065,0.1124338953369779,5.285541954608791,21.64835240258894,11.4522545896158,0.9496056251601959,1.005367164755939,0.5488922205563826,0.02968359871979534,14.26732473811443,0.008304727370400215,6.264585012087028,0.009621353746978244,2.702565135643299,0.02153467633628794,1.134057211925866,0.05267875369325813,0.4760623153370938,0.12063994090787,0.1518456889605157,0.3066236905721192,0.05368882621541768,1.020193392425463,0.02197207896857373,2.696494762288477,0.009727558420628524,6.154002148804728,0.00829979854955681,14.24773032500672
10.2,0.002990875962909827,119.6350385163931,19.04050774687325,536.359,233.585,99.92425,41.5633,17.31495,5.482735,1.918575,0.7796434999999999,0.3408185,0.2892945,0.2894655,0.336755,0.763984,1.882145,4.344875,11.1477,37.4531,99.6682,229.37,535.6505,0.7085000000000719,4.215000000000003,0.2560500000000019,4.110199999999999,6.167249999999999,1.13786,0.03643000000000018,0.01565949999999994,0.004063499999999998,0.0001710000000000322,0.06609083221744506,0.9104556598373498,0.1282864156434785,5.20170496251411,21.66786999805007,11.57819652998033,0.9585025995074665,1.014461066546167,0.5997135366126328,0.02954592577234643,14.40663443459576,0.007775060435132959,6.274106903035188,0.00904525919957024,2.683971259736772,0.02052065538544185,1.116392694063927,0.05055452591995703,0.4650805801772764,0.1167035992479184,0.1472665860864894,0.2994278807413377,0.05153303787268333,1.005992479183454,0.02094127048079506,2.677093741606232,0.009154405049691111,6.16089175396186,0.007770467365028204,14.38760408272898
10.4,0.003049520589633549,121.980823585342,19.41385103602763,541.4935,233.9145,99.23485,40.9186,16.91715,5.318425,1.842055,0.7433385,0.320535,0.2710075,0.271167,0.3163865,0.7282805,1.806765,4.20412,10.88755,36.93235,98.94745,229.6055,540.808,0.6855000000000473,4.308999999999997,0.287399999999991,3.986249999999998,6.029599999999999,1.114305,0.03529000000000004,0.01505800000000002,0.004148499999999999,0.0001594999999999791,0.06333724937090517,0.929625474628926,0.145017996057161,5.120361408563413,21.68554237233273,11.70175620067954,0.967161986614852,1.023226799871435,0.6513361536704286,0.02941857280266392,14.5445474080043,0.007283561643835617,6.282957292506044,0.008498160085952191,2.665453934998657,0.01956165726564599,1.099076013967231,0.04852981466559227,0.4543956486704271,0.1129229116304056,0.1428532097770615,0.2924402363685201,0.04947770615095354,0.9920051034112276,0.01996611603545528,2.657734354015579,0.008609589041095891,6.167217297878056,0.007279277464410422,14.52613483749664
10.6,0.003108165216357271,124.3266086542908,19.787194325182007,546.576,234.219,98.54805,40.28665,16.53015,5.16001,1.769095,0.708976,0.301653,0.2549625,0.255113,0.2980425,0.694495,1.73489,4.068875,10.63485,36.4195,98.2287,229.8215,545.9155000000001,0.6604999999999563,4.39749999999998,0.31935,3.867150000000002,5.895299999999999,1.091135,0.03420500000000004,0.01448100000000008,0.003610500000000016,0.0001504999999999979,0.06045813628755522,0.9476543534454384,0.1622905145043813,5.04151231680902,21.70182219768084,11.82304254522621,0.9761742701524132,1.031799018291085,0.6020555431881708,0.02950543595997022,14.68106365834005,0.006852350255170561,6.291136180499597,0.008005439161966157,2.647006446414182,0.01865417673918883,1.082101799623959,0.04659924791834542,0.4440008058017728,0.1092902229384905,0.1385981735159817,0.2856526994359388,0.04751799623959174,0.9782299221058287,0.01904313725490196,2.638428686543111,0.008102417405318292,6.173019070641956,0.006848307816277196,14.6633225893097
10.8,0.003166809843080994,126.6723937232397,20.160537614336384,551.6085,234.5005,97.86410000000001,39.66705,16.1535,5.00723,1.699485,0.6764355,0.284437,0.240963,0.2411035,0.2809365,0.662509,1.66634,3.93889,10.38945,35.91445,97.5123,230.018,550.9739999999999,0.6345000000001164,4.482500000000016,0.3518000000000114,3.752600000000001,5.764050000000001,1.06834,0.0331450000000002,0.01392649999999995,0.003500499999999962,0.0001405000000000156,0.05754671419146562,0.9649777134818133,0.1800626892500893,4.964971586962418,21.71593586997678,11.94193683965786,0.9847511382796255,1.040110325708045,0.6191482267916629,0.02914535650164772,14.8162369057212,0.006476054257319367,6.298697287134032,0.007545970991136182,2.62863550899812,0.01779503088906796,1.065459307010476,0.04475799086757991,0.4338839645447221,0.1057988181573999,0.1344944936878861,0.2790612409347301,0.04564826752618856,0.9646642492613485,0.0181690975020145,2.619186140209508,0.007639994627988182,6.178297072253558,0.006472280419016922,14.79919419822724
11.0,0.003225454469804716,129.0181787921886,20.53388090349076,556.5930000000001,234.759,97.1832,39.0597,15.78705,4.859855,1.633065,0.6456055,0.2683615,0.226993,0.227124,0.264969,0.6322105,1.60094,3.813915,10.1509,35.41715000000001,96.79855,230.196,555.9855,0.6075000000000728,4.563000000000017,0.3846499999999935,3.642549999999993,5.636150000000001,1.045939999999999,0.03212499999999996,0.01339500000000005,0.00339250000000002,0.0001309999999999922,0.05460288869505143,0.9813852953511665,0.1982918496198707,4.890848632830192,21.72935794848861,12.05865500238074,0.9933503504168967,1.04827299079054,0.636097129266003,0.02884719136257666,14.95012087026592,0.006100564061240935,6.305640612409348,0.007117082997582596,2.610346494762289,0.01698121138866506,1.04914585012087,0.04300134300295461,0.424041095890411,0.102441982272361,0.1305359924791835,0.2726537738383025,0.04386422240128929,0.9513067418748323,0.01734100188020414,2.600014773032501,0.007208205748052647,6.183078162771959,0.006097045393499866,14.93380338436745
11.2,0.003284099096528438,131.3639638611375,20.90722419264514,561.5305000000001,234.9965,96.50545,38.4642,15.4304,4.71766,1.569655,0.6163829999999999,0.2533405,0.213454,0.2135755,0.2500525,0.6034984999999999,1.538515,3.693715,9.919145,34.92755,96.0877,230.356,560.95,0.5805000000000291,4.640500000000003,0.4177499999999981,3.536650000000002,5.511255,1.023945,0.03114000000000017,0.01288449999999997,0.003287999999999958,0.0001214999999999966,0.05171582045300823,0.9972010465185002,0.2169080260642697,4.818865880701853,21.74104111138879,12.17333670178776,1.001875701779509,1.056209148183653,0.6531676046349388,0.02845236687395054,15.08274241203331,0.005736650550631212,6.312019876443729,0.006716424926134838,2.592142089712597,0.01621000537201182,1.033150684931507,0.04132460381412839,0.4144614558152028,0.09921340316948699,0.126716626376578,0.2664288208434059,0.04216102605425733,0.9381560569433253,0.01655608380338437,2.58092130002686,0.006804740800429761,6.187375772226699,0.005733387053451518,15.06715014773033
11.4,0.00334274372325216,133.7097489300864,21.280567481799515,566.4225,235.214,95.83105,37.8803,15.0833,4.58042,1.50911,0.5886715,0.239293,0.2007135,0.2008275,0.2361085,0.576276,1.478915,3.57808,9.693845,34.4455,95.3801,230.4985,565.8699999999999,0.5525000000001228,4.71550000000002,0.450950000000006,3.434800000000003,5.389455000000002,1.00234,0.03019499999999975,0.0123955,0.003184500000000007,0.000114000000000003,0.04879481229453721,1.012534557264411,0.2358387573109653,4.749066031761838,21.75171917507042,12.28583685726543,1.010533713740673,1.064039366580898,0.6698548490065779,0.02839062511673851,15.21414182111201,0.005394238517324739,6.317861939296267,0.006341888262154177,2.574027665860865,0.01547880741337631,1.017467096427612,0.03972374429223745,0.4051383293043245,0.09610744023636852,0.1230303518667741,0.260377249529949,0.04053478377652431,0.9252081654579639,0.01581175127585281,2.561915122213269,0.006427424120333066,6.191203330647327,0.005391176470588235,15.1993016384636
11.6,0.003401388349975882,136.0555339990353,21.653910770953892,571.2695,235.411,95.16005,37.3077,14.74535,4.447935,1.451275,0.5623805,0.226148,0.1888375,0.1889445,0.2230635,0.5504555,1.42199,3.466795,9.474805,33.97095,94.67590000000001,230.625,570.745,0.5244999999999891,4.786000000000001,0.4841499999999854,3.336749999999995,5.270545,0.9811399999999999,0.02928499999999978,0.01192499999999996,0.003084500000000018,0.0001070000000000237,0.04592761300316144,1.026959290698573,0.2550359929191417,4.681275529208248,21.76098790449525,12.39637991441274,1.019223775043366,1.071586469165265,0.6866476036343722,0.02832321285821551,15.34433252753156,0.005075060435132958,6.323153370937416,0.005991498791297342,2.556004566210046,0.01478526725758797,1.002087026591459,0.03819473542841795,0.3960609723341392,0.09311831856030085,0.1194717969379533,0.2544938221864088,0.03898133225893097,0.9124617244157939,0.01510557346226162,2.543000268600592,0.006074348643567017,6.194601128122482,0.0050721864088101,15.33024442653774
11.8,0.003460032976699604,138.4013190679842,22.027254060108273,576.074,235.589,94.4927,36.7463,14.41645,4.32,1.39601,0.537428,0.213839,0.1777595,0.17786,0.210852,0.525953,1.36761,3.35967,9.26181,33.50375,93.9753,230.735,575.577,0.4969999999999573,4.853999999999985,0.517399999999995,3.242550000000001,5.154640000000001,0.9603300000000004,0.02839999999999998,0.01147500000000001,0.002987000000000017,0.0001005000000000034,0.04315543511011212,1.04090718041533,0.274529363074896,4.615726252152137,21.76950502275083,12.5048341920942,1.02763766364406,1.079105231332891,0.7033348952532589,0.02826054251805746,15.4733816814397,0.004777330110126243,6.327934461455816,0.005663497179693795,2.538079505774913,0.01412712865968305,0.9870077894171367,0.03673408541498792,0.3872266988987376,0.09024093473005641,0.1160354552780016,0.2487727639000806,0.03749691109320441,0.8999127048079506,0.01443534783776525,2.524182111200645,0.005743728176201988,6.197555734622617,0.004774630674187484,15.46003223207091
12.0,0.003518677603423326,140.747104136933,22.40059734926265,580.8355,235.749,93.82900000000001,36.1956,14.09625,4.19644,1.343185,0.5137355,0.2023045,0.16742,0.1675135,0.199413,0.5026930000000001,1.315645,3.25651,9.054665,33.04389999999999,93.27855,230.8295,580.3665,0.4690000000000509,4.919499999999999,0.5504500000000121,3.151700000000005,5.041585000000001,0.9399299999999999,0.02754000000000012,0.01104249999999996,0.002891499999999991,9.349999999996861e-05,0.04038918293286189,1.054377773515067,0.2941890907128077,4.551881512720348,21.77704423345687,12.61151624524517,1.035793939439532,1.086402044019816,0.7197844256224813,0.02791598929338768,15.60127585280688,0.004499422508729519,6.332232070910557,0.005356244963738921,2.520252484555467,0.01350236368520011,0.9722159548751008,0.03533830244426538,0.3786261079774376,0.08747005103411229,0.112716626376578,0.2432088369594413,0.03607802847166264,0.8875611066344345,0.01379896588772495,2.505467365028203,0.005433910824603814,6.200094010206823,0.004496911093204406,15.58867848509267
15.0,0.004398347004279157,175.9338801711663,28.00074668657831,647.8175,236.363,84.36410000000001,29.0772,10.1778,2.76451,0.7740994999999999,0.2684975,0.09569264999999999,0.0721128,0.07215150000000001,0.09395005000000001,0.2621855,0.756381,2.08501,6.532695,26.9528,83.36845,230.7155,647.679,0.1385000000000218,5.64749999999998,0.9956500000000119,2.124399999999998,3.645104999999999,0.6795,0.01771849999999997,0.006311999999999984,0.001742599999999983,3.870000000000262e-05,0.01069088183565311,1.209111530502898,0.5935937896371407,3.791540246296623,21.81326765006063,14.01169600290338,1.15770831448032,1.189410627436715,0.918885883822569,0.02682576354649252,17.40041633091593,0.001937993553585818,6.348724147193124,0.002523503894708569,2.266024711254365,0.007042318023099652,0.7810153102336825,0.02031643835616439,0.2733763094278808,0.05600349180768198,0.07425490196078433,0.1754685737308622,0.02079235831318829,0.7239538006983616,0.007211858716089176,2.239281493419286,0.002570310233682514,6.19703196347032,0.001936954069298953,17.39669621273167
20.0,0.005864462672372211,234.5785068948884,37.33432891543775,745.3534999999999,232.6615,70.7743,20.73275,6.17022,1.46487,0.3384575,0.1029604,0.03160265,0.02120428,0.021216605,0.03086675,0.10029315,0.3294855,1.066645,3.96575,19.5078,69.33525,226.3155,745.3969999999999,0.04349999999999454,6.346000000000004,1.439049999999995,1.22495,2.204470000000001,0.3982250000000001,0.00897199999999998,0.00266725000000001,0.0007358999999999977,1.232500000000053e-05,0.00291799331947194,1.382640088719044,1.027089159875251,3.044068731664949,21.74897913075907,15.73069881079117,1.34322838924878,1.312277202538411,1.178016757004225,0.02905408503382362,20.02023905452592,0.0005698792640343809,6.249301638463605,0.0008290827289820038,1.901001880204137,0.002693879935535858,0.5568828901423584,0.00885,0.1657324738114424,0.02865014773032501,0.03934649476228848,0.1065202793446146,0.00909098845017459,0.5239806607574538,0.002765522428149342,1.862348912167607,0.0008488490464679022,6.078847703464948,0.0005695482138060704,20.02140746709643
50.0,0.01466115668093053,586.446267237221,93.33582228859437,1160.1,184.1075,27.9906,4.072950000000001,0.5989709999999999,0.0795467,0.009581615,0.0025726825,0.003220925,0.004048625,0.00405125,0.00326269,0.002481373,0.009191979999999999,0.0538337,0.385126,3.910935,26.8037,176.3975,1160.105,0.005000000000109139,7.710000000000036,1.186900000000001,0.1620150000000002,0.213845,0.025713,0.000389635000000001,9.130950000000009e-05,4.176500000000003e-05,2.625000000000023e-06,0.000215498199517247,2.138666592696366,2.166101218557408,2.029275221273856,21.73007335658984,19.27794488545543,2.075441597626885,1.806658039271632,0.644162245907569,0.03240790752943747,31.16035455278002,0.0001088168143969917,4.945138329304325,8.763604619930164e-05,0.7518291700241742,6.664982540961592e-05,0.1093996776792909,0.0002468971259736771,0.0160883964544722,0.001445976363147999,0.002136629062583938,0.01034450711791566,0.0002573627450980392,0.1050479452054795,6.910240397528876e-05,0.719948965887725,8.651423583131883e-05,4.738047273704002,0.0001087463067418748,31.16048885307548
