0.2,5.86446267237221e-05,2.345785068948884,2.345785068948884,33.273,27.7474,26.8327,26.0549,25.4555,25.0451,24.8063,24.6895,24.6143,24.6109,24.7093,24.7347,24.8903,24.9671,25.4934,26.976,30.0448,35.3832,42.9971,52.575,19.302,15.2497,8.550500000000003,3.989899999999999,1.520499999999998,0.4482999999999997,0.1607999999999983,0.200800000000001,0.1204000000000001,0.09839999999999804,22.48392507688006,21.55602202291345,13.74327141454195,7.11215924505835,2.899974252119429,0.8870465090970244,0.3230641266218468,0.4050036506803194,0.2439765750065858,0.1995125729417116,0.8937147461724417,0.6636932581251679,0.745296803652968,0.6643755036261081,0.7207279076013967,0.6685549288208434,0.6998361536395381,0.670617781359119,0.6837362342197154,0.6847542304593071,0.6727128659683053,0.724576954069299,0.6662986838571046,0.8070051034112276,0.6631614289551437,0.9503948428686545,0.6611415525114156,1.154904646790223,0.6610502283105023,1.412167606768735
0.5,0.0001466115668093053,5.864462672372211,5.864462672372211,56.4187,35.3614,31.0124,27.8148,25.1817,23.2732,22.135,21.6119,21.4377,21.4264,21.512,21.5418,21.7657,22.5053,25.3484,31.9512,43.2443,59.9149,81.325,106.843,50.4243,45.9636,28.9025,15.4295,6.769500000000001,2.075200000000002,0.3702999999999967,0.1538000000000004,0.104099999999999,0.08559999999999945,30.88556593493759,39.39070877154492,31.78638318744756,21.71361584934231,11.84868963416876,4.268061931322709,0.8295195148778048,0.3545608793478671,0.2422084947474935,0.199355355579154,1.515409615901155,0.5778135911899007,0.9498092935804461,0.5786140209508461,0.8329948965887726,0.584627988181574,0.7471071716357777,0.6044936878861134,0.6763819500402901,0.6808595218909482,0.62511952726296,0.8582111200644642,0.5945474080042977,1.161544453397798,0.5804969110932044,1.60931775449906,0.5758178887993554,2.184394305667473,0.5755143701316143,2.869809293580446
0.8,0.0002345785068948884,9.383140275795537,9.383140275795537,79.1525,42.4121,34.7826,29.3545,24.7402,21.218,19.0004,17.9505,17.6422,17.6203,17.6907,17.7267,18.0452,19.6313,24.9879,35.9285,53.0247,77.3765,108.803,147.298,68.1455,66.39089999999999,42.59389999999999,23.6702,11.1883,3.7699,0.6309000000000005,0.09469999999999956,0.08450000000000202,0.07039999999999935,30.09289005765057,43.9049407102862,37.97632113667103,28.73322392060132,18.44163464850903,8.15891477062453,1.633114773618558,0.2630869798337012,0.2389104552304483,0.1993713007278167,2.12604082728982,0.4751732473811442,1.139191512221327,0.476140209508461,0.9342626913779212,0.4846951383293044,0.7884636046199303,0.5272978780553318,0.6645232339511148,0.6711764705882354,0.5699167338168144,0.9650416330915929,0.5103518667741069,1.424246575342466,0.4821514907332797,2.078337362342197,0.473870534515176,2.922455009401021,0.4732822992210584,3.956432984152566
1.0,0.0002932231336186105,11.72892534474442,11.728925344744422,221.721,68.524,41.4653,28.4327,19.2079,12.6416,8.12421,5.43792,4.54317,4.46947,4.48725,4.55885,5.32137,9.31615,18.2698,33.8391,59.8969,105.05,179.526,295.709,73.988,111.002,63.5847,31.4642,14.6312,5.6282,1.191940000000001,0.1165500000000002,0.01567999999999969,0.01778000000000013,14.29913224977291,44.74984882080226,43.39799324712163,35.62135456290983,27.58157860010935,18.20752214393395,6.834377272028792,1.083249917048431,0.1722694522754256,0.198510168901117,5.955439161966157,0.1205278001611604,1.840558689229117,0.1224509803921569,1.113760408272898,0.1429323126510879,0.7637040021488049,0.2502323395111469,0.5159253290357239,0.4907279076013968,0.3395541230190707,0.9089202256244965,0.2182167606768735,1.608834273435402,0.1460628525382756,2.821649207628257,0.1220298146655923,4.822078968573732,0.1200502283105023,7.942761214074672
1.2,0.0003518677603423326,14.07471041369331,14.074710413693305,106.984,49.3305,37.9135,30.3548,23.9602,18.9195,15.5467,13.8527,13.3672,13.331,13.3843,13.4295,13.8768,16.4697,24.1644,38.3382,59.6806,90.4784,131.959,185.643,78.659,82.6285,52.56489999999999,29.3258,14.378,5.244900000000001,0.923,0.0240999999999989,0.06230000000000047,0.05330000000000013,26.88029470964743,45.57820502566337,40.9409783638999,32.57141080064063,23.07924441077138,12.17368901144047,2.882897515023551,0.086911051407342,0.2324913142289926,0.1995111415555885,2.873596561912436,0.3595030889067956,1.325020145044319,0.3607171635777599,1.018358850389471,0.3727316680096696,0.8153317217297879,0.4423771152296535,0.6435723878592533,0.6490572119258663,0.5081788879935536,1.029766317485899,0.4175852806876175,1.603024442653774,0.3720843405855493,2.430255170561375,0.3590437818963202,3.544426537738383,0.3580714477571851,4.986381950040291
1.5,0.0004398347004279158,17.59338801711663,17.593388017116634,126.929,53.3725,39.2854,30.5164,23.265,17.54,13.5959,11.5272,10.9263,10.8806,10.9241,10.9757,11.509,14.6686,23.3467,38.6788,61.7772,95.9817,143.868,208.4,81.471,90.49549999999999,56.6963,31.2608,15.4138,5.806699999999999,1.072699999999999,0.01820000000000022,0.04940000000000033,0.04349999999999987,24.29584080112367,45.88079020282345,41.91433097922555,33.87103764508048,24.88352345190318,14.20192874455508,3.795220152488101,0.07900608607322482,0.2255501780659316,0.1994982733080477,3.40932044050497,0.2934219715283374,1.433588503894709,0.2948079505774913,1.055208165457964,0.3091324200913242,0.8196723072790761,0.3939994627988182,0.6248992747784046,0.6270937416062315,0.4711254364759603,1.038914853612678,0.3651866774106903,1.659339242546334,0.309621273166801,2.578074133763095,0.29348106365834,3.864302981466559,0.2922535589578297,5.597636314799893
1.6,0.0004691570137897768,18.76628055159107,18.766280551591073,133.48,54.5909,39.6237,30.4949,23.0171,17.1281,13.0437,10.8725,10.2374,10.1888,10.2295,10.2832,10.8423,14.1533,23.046,38.6132,62.1391,97.3264,147.231,215.335,81.85500000000002,92.64009999999999,57.70270000000001,31.6442,15.5961,5.917899999999999,1.1096,0.03020000000000067,0.04580000000000162,0.04069999999999929,23.46659403982054,45.90190658199135,42.13410578013452,34.1604594425373,25.30589661254286,14.73063491154749,4.079861749457662,0.1390756534713682,0.2231903550578522,0.1993309922961231,3.585280687617513,0.2747649744829439,1.46631479989256,0.2762073596561913,1.064294923448832,0.2912248186946012,0.8190948160085953,0.3801584743486436,0.6182406661294655,0.6190169218372281,0.4600617781359119,1.037152833736234,0.3503545527800161,1.669059897931776,0.2920359924791835,2.614192855224282,0.2749771689497717,3.954633360193393,0.2736717700778942,5.783910824603815
1.8,0.000527801640513499,21.11206562053996,21.11206562053996,146.473,56.8926,40.1714,30.3692,22.5024,16.3584,12.0568,9.71294,9.01614,8.96229,8.99805,9.0555,9.6616,13.2231,22.4127,38.2908,62.509,99.5022,153.315,228.514,82.041,96.4224,59.3308,32.1398,15.7884,6.054300000000001,1.1663,0.05133999999999972,0.03936000000000028,0.03575999999999979,21.87835844975959,45.87008271822712,42.47817769428153,34.60424512964291,25.97066777205345,15.61549710996077,4.61354673080194,0.2649869364640385,0.217799823369657,0.1991053621479315,3.934273435401558,0.2416881547139404,1.528138597904916,0.2432312651087833,1.079006177813591,0.2595111469245233,0.8157185065807145,0.3551732473811443,0.6044157937147463,0.6020064464141822,0.4393875906526994,1.028493150684932,0.3238463604619931,1.678995433789954,0.2608901423583132,2.672634971796938,0.242174053182917,4.118049959709912,0.2407276390008058,6.137899543378996
2.0,0.0005864462672372211,23.45785068948884,23.457850689488843,221.721,68.524,41.4653,28.4327,19.2079,12.6416,8.12421,5.43792,4.54317,4.46947,4.48725,4.55885,5.32137,9.31615,18.2698,33.8391,59.8969,105.05,179.526,295.709,73.988,111.002,63.5847,31.4642,14.6312,5.6282,1.191940000000001,0.1165500000000002,0.01567999999999969,0.01778000000000013,14.29913224977291,44.74984882080226,43.39799324712163,35.62135456290983,27.58157860010935,18.20752214393395,6.834377272028792,1.083249917048431,0.1722694522754256,0.198510168901117,5.955439161966157,0.1205278001611604,1.840558689229117,0.1224509803921569,1.113760408272898,0.1429323126510879,0.7637040021488049,0.2502323395111469,0.5159253290357239,0.4907279076013968,0.3395541230190707,0.9089202256244965,0.2182167606768735,1.608834273435402,0.1460628525382756,2.821649207628257,0.1220298146655923,4.822078968573732,0.1200502283105023,7.942761214074672
2.5,0.0007330578340465264,29.32231336186105,29.322313361861056,190.935,64.0202,41.2139,29.3892,20.5893,14.0492,9.46526,6.80541,5.960325,5.89257,5.916045,5.98347,6.70528,10.6934,20.0114,35.9779,61.5826,103.775,170.188,269.664,78.72899999999998,106.1678,62.5611,32.1934,15.3886,5.962199999999998,1.22814,0.1001300000000001,0.02314499999999953,0.02347500000000036,17.09274227690464,45.33052215934369,43.14888932876931,35.38832913056573,27.20410414515832,17.50468283001473,6.092369234859856,0.7411168489544209,0.1937826293904034,0.1987955403745516,5.128525382755843,0.1589053182917003,1.719586355089981,0.1607163577759871,1.107007789417137,0.1801042170292775,0.7893956486704271,0.287225355895783,0.5530298146655923,0.5375073865162503,0.3773623421971529,0.966368520010744,0.2542374429223745,1.654112275047005,0.1827937147461725,2.787402632285791,0.1600946817082998,4.571259736771421,0.1582747784045125,7.243190975020146
2.8,0.0008210247741321095,32.84099096528438,32.84099096528438,209.508,66.7703,41.3998,28.8292,19.7568,13.1851,8.624145,5.933574999999999,5.053805000000001,4.98213,5.001965,5.072165,5.822115,9.835765,18.961,34.7143,60.62685,104.66,176.002,285.57,76.06199999999998,109.2317,63.2602,31.79765,14.9575,5.775899999999998,1.21162,0.1114599999999992,0.01835999999999949,0.01983500000000049,15.36363966890065,44.99347742720236,43.31116433132183,35.54555561082789,27.45951522917658,17.96765393002572,6.563520623881698,0.948136604486842,0.1813159628163967,0.1986659782383931,5.627397260273973,0.1343530754767661,1.793454203599248,0.1362386516250336,1.112001074402364,0.1563823529411765,0.7743540155788343,0.2641892291163041,0.530668815471394,0.509293580445877,0.3541525651356434,0.9324281493419286,0.2316450443190975,1.628440773569702,0.1593761751275853,2.811173784582326,0.1357455009401021,4.727424120333065,0.1338203062046737,7.670427074939566
3.0,0.0008796694008558315,35.18677603423326,35.18677603423327,221.721,68.524,41.4653,28.4327,19.2079,12.64165,8.124215,5.43793,4.54318,4.469480000000001,4.48726,4.558859999999999,5.321375,9.316155,18.2698,33.8391,59.8969,105.0505,179.526,295.709,73.988,111.002,63.5852,31.4642,14.6312,5.62815,1.191940000000001,0.116555,0.01567999999999969,0.01777999999999924,14.29913224977291,44.74984882080226,43.39818640719977,35.62135456290983,27.58157860010935,18.20733094047674,6.834373353317622,1.083294878247247,0.1722690737461019,0.1985097256367745,5.955439161966157,0.1205280687617513,1.840558689229117,0.1224512489927478,1.113760408272898,0.1429324469513833,0.7637040021488049,0.2502324738114424,0.5159253290357239,0.4907279076013968,0.3395554660220253,0.9089202256244965,0.218216894977169,1.608834273435402,0.1460631211388665,2.821662637657803,0.1220300832661832,4.822078968573732,0.1200504969110932,7.942761214074672
3.4,0.0009969586543032757,39.87834617213102,39.87834617213103,245.733,71.86075,41.4843,27.60755,18.1362,11.6252,7.2401,4.606895,3.69883,3.62235,3.636745,3.710145,4.484895,8.37905,16.9274,32.0679,58.30355,105.461,185.847,314.995,69.262,113.98625,63.9767,30.696,13.9317,5.302199999999999,1.138949999999999,0.1219999999999999,0.01131499999999974,0.01439499999999994,12.35215648228731,44.23081960088511,43.53776541338852,35.72995806129825,27.75012399385708,18.56993758887106,7.292010128592141,1.341869972799634,0.1527201805917788,0.1983029564980199,6.600402900886382,0.09768318560300833,1.930183991404781,0.09965471394037068,1.114270749395649,0.1204645447219984,0.7415404243889339,0.2250617781359119,0.4871394037066882,0.4546709642761214,0.3122535589578297,0.8613456889605158,0.1944695138329305,1.566036798280956,0.1237414719312383,2.832688691915123,0.09935079237174323,4.991861402095085,0.09729653505237712,8.46078431372549
3.8,0.00111424790775072,44.56991631002879,44.5699163100288,269.18,74.9928,41.38305,26.7627,17.1107,10.6955,6.47988,3.94129,3.038055,2.96022,2.971975,3.04603,3.81872,7.55518,15.6561,30.32315,56.6165,105.489,191.338,333.114,63.93399999999997,116.3452,64.10595,29.8538,13.21245,4.960600000000001,1.0753,0.1225700000000001,0.007975000000000065,0.01175499999999952,10.61508167107758,43.68447059070899,43.64748091961677,35.8048530089039,27.85447523234988,18.82466339804794,7.661527631517075,1.579508273829545,0.1310796939884973,0.1981559945348984,7.230190706419555,0.07982742412033306,2.014311039484287,0.08181654579640076,1.111551168412571,0.1025710448562987,0.7188477034649476,0.2029325812516788,0.4595944131077089,0.4205237711522966,0.2872817620198764,0.8144816008595219,0.1740499597099114,1.520722535589578,0.1058632822992211,2.833440773569702,0.08160233682514102,5.139349986569971,0.07951168412570508,8.947461724415794
4.0,0.001172892534474442,46.91570137897769,46.91570137897769,280.689,76.48915,41.2956,26.3388,16.6178,10.26105,6.13795,3.65695,2.761535,2.68348,2.69413,2.76815,3.53547,7.179475,15.0511,29.47355,55.7587,105.3895,193.814,341.7855,61.09649999999999,117.32485,64.09389999999999,29.41990000000001,12.85575,4.790049999999999,1.041525,0.12148,0.006615000000000482,0.01065000000000005,9.815100859553281,43.40491407517819,43.69489470982396,35.83531776241664,27.89189294737516,18.92391598501115,7.820768654601021,1.689000364272387,0.1196270673646054,0.1980433687084048,7.53932312651088,0.07236449100188022,2.054503088906796,0.07435267257587969,1.109202256244964,0.09496293311845287,0.7074617244157938,0.1928411227504701,0.446355089981198,0.4042734354015579,0.2756124093473006,0.7916612946548484,0.1648656997045394,1.497681976900349,0.09822589309696482,2.830768197690035,0.07417499328498522,5.205855492882084,0.07207843137254903,9.1803787268332
4.2,0.001231537161198164,49.26148644792656,49.26148644792658,292.0545,77.9423,41.187,25.916,16.1389,9.845835000000001,5.81819,3.39944,2.514785,2.436765,2.446435,2.520205,3.27977,6.8254,14.4676,28.6434,54.89855,105.2265,196.128,350.2225,58.16800000000001,118.1857,64.0395,28.98255,12.5045,4.621764999999998,1.007210000000001,0.1196700000000002,0.00541999999999998,0.009669999999999845,9.056528569449009,43.12240326660714,43.7387945783688,35.86303456493911,27.92286238089602,19.00909929016611,7.966171000483254,1.791678956044205,0.1076466884740581,0.1980258846657897,7.844601128122481,0.06571138866505508,2.093534783776525,0.06769285522428149,1.106285253827558,0.08809481600859523,0.6961052914316412,0.1833306473274241,0.4334918076819769,0.3886005909213001,0.2644597099113619,0.7693634165995166,0.1562769272092399,1.474578297072254,0.09130915928015043,2.826390008058018,0.06754727370400215,5.268009669621273,0.06545165189363418,9.4069970453935
4.4,0.001290181787921886,51.60727151687546,51.60727151687546,303.275,79.3543,41.05945,25.49545,15.6743,9.44914,5.518625,3.16546,2.29406,2.216305,2.225095,2.29843,3.048175,6.491395,13.906,27.8345,54.04005,105.007,198.2935,358.4405,55.16550000000001,118.9392,63.94755000000001,28.5446,12.1602,4.456860000000001,0.9727699999999997,0.1172850000000003,0.004369999999999763,0.008789999999999853,8.336739882925519,42.83815683034406,43.77976599006822,35.88913126842731,27.94882874269113,19.08299415032409,8.099653456030879,1.887542477149049,0.09515535145421684,0.1979105687395833,8.145984421165727,0.05976618318560301,2.131461187214612,0.06173596561912436,1.102859253290357,0.08187416062315338,0.6848092935804458,0.1743592532903573,0.4210126242277734,0.3735159817351599,0.2538044587698093,0.7476363147998926,0.1482305936073059,1.45151893634166,0.08502444265377386,2.820494225087296,0.06161858716089176,5.326175127585281,0.0595300832661832,9.627733011012625
5.0,0.001466115668093053,58.64462672372211,58.64462672372211,336.0635,83.36250000000001,40.58115,24.25525,14.3653,8.3628,4.725025,2.578745,1.758215,1.68239,1.68906,1.76017,2.471045,5.596665,12.3517,25.5454,51.5002,104.0715,204.003,381.921,45.85750000000007,120.6405,63.49035,27.24495,11.1801,3.988899999999999,0.8716399999999993,0.1076999999999999,0.001954999999999929,0.006669999999999954,6.386976320519463,41.98155310919368,43.89159133966782,35.96434315946906,28.01278855043886,19.2565594149026,8.444741122819996,2.132761956437791,0.05556526645037223,0.1978377256076748,9.026685468708031,0.0453682514101531,2.239121676067688,0.04727827021219447,1.090012087026591,0.06637241471931239,0.6514974482943862,0.1503267526188558,0.3858528068761751,0.3317673918882622,0.2246253021756648,0.6861509535320979,0.1269144507117916,1.383298415256514,0.0692652430835348,2.795366639806608,0.04722575879666936,5.479532634971797,0.0451890948160086,10.25842062852539
5.2,0.001524760294816775,60.99041179267099,60.990411792671,346.7015,84.628,40.395,23.8509,13.9567,8.032875,4.49114,2.414725,1.613765,1.538895,1.54499,1.61511,2.310735,5.330455000000001,11.8759,24.82925,50.6713,103.684,205.6755,389.3975,42.69600000000003,121.0475,63.289,26.8204,10.87255,3.843024999999999,0.8393150000000009,0.1039899999999996,0.001345000000000152,0.00609499999999974,5.800306752216756,41.69687930045625,43.92659582590107,35.98981243173176,28.03218691304455,19.30317159142137,8.545607918062197,2.200632319393236,0.04165537532422753,0.1976403140843365,9.312422777330111,0.04149852269674993,2.273113080848778,0.04338195004029009,1.085012087026591,0.06206647864625303,0.6406365834004835,0.1431763362879399,0.3748777867311308,0.3189873757722267,0.2157634971796938,0.666915122213269,0.1206322857910287,1.361034112275047,0.06485965619124362,2.784958366908407,0.04334582326081118,5.524456083803384,0.04133481063658341,10.45923986032769
5.4,0.001583404921540497,63.33619686161987,63.336196861619875,357.1925,85.8606,40.1976,23.45165,13.56145,7.71787,4.27075,2.263735,1.48322,1.40941,1.41499,1.484025,2.163605,5.07862,11.4205,24.13635,49.85315,103.265,207.2455,396.716,39.52350000000001,121.3849,63.0674,26.4015,10.5749,3.702630000000001,0.8078700000000003,0.1001300000000001,0.0008049999999997226,0.00558000000000014,5.242479690837816,41.41329709617098,43.96086506169552,36.01605897567417,28.05176959928696,19.34663192319931,8.640903076891815,2.261628878739832,0.02712954272396525,0.1975640844073127,9.594211657265646,0.03800671501477303,2.306220789685738,0.03986099919419823,1.079709911361805,0.05811455815202794,0.6299127048079507,0.1364120333064733,0.3642613483749665,0.3067553048616707,0.2073024442653774,0.648303787268332,0.1147125973677142,1.339058554928821,0.06080405586892292,2.773704002148805,0.03983937684662907,5.566626376578029,0.03785683588503894,10.65581520279345
5.6,0.001642049548264219,65.68198193056875,65.68198193056875,367.5375,87.0614,39.9902,23.05775,13.1792,7.4171,4.062915,2.12446,1.365015,1.292375,1.29749,1.36536,2.028285,4.840305,10.9846,23.4664,49.0465,102.8185,208.72,403.887,36.34949999999998,121.6586,62.8283,25.98875,10.2872,3.567500000000001,0.7773899999999996,0.09617500000000012,0.0003449999999998177,0.005115000000000203,4.711997091095755,41.1312543655551,43.99472861247249,36.04329841860917,28.07212871395202,19.38679578517203,8.73156004232176,2.315938012085985,0.01263562697431004,0.1975006419253592,9.872078968573732,0.03485065807144776,2.338474348643568,0.03667365028203062,1.074139135106097,0.0544798549556809,0.6193325275315605,0.1300108783239323,0.3539940907869998,0.2950470051034113,0.1992237442922374,0.6303088906795595,0.1091301369863014,1.317391888262154,0.05706312113886651,2.761710985764169,0.03666438356164384,5.606231533709375,0.03471326886919151,10.84842868654311
5.8,0.001700694174987941,68.02776699951764,68.02776699951764,377.7365,88.23165,39.77375,22.6695,12.80955,7.129905,3.866785,1.995755,1.25782,1.186425,1.191125,1.25776,1.90358,4.6147,10.5677,22.8187,48.25175,102.3475,210.1065,410.9175,33.18100000000004,121.87485,62.57375,25.58225,10.00915,3.437795,0.7479149999999999,0.0921749999999999,5.999999999994898e-05,0.004699999999999926,4.207294960781286,40.85124547430491,44.02842643165607,36.07134674022243,28.09329675187527,19.42519905942076,8.818208132184399,2.363864607683102,0.002385135833483689,0.1976824882757429,10.14602471125436,0.03199368788611335,2.369907332796132,0.03378350792371743,1.068325275315606,0.05113027128659683,0.6089041095890412,0.1239511146924523,0.3440652699435939,0.2838490464679023,0.1915096696212732,0.6129116304055869,0.1038620735965619,1.296044856298684,0.05360609723341392,2.749059897931776,0.03378511952726296,5.643473005640613,0.03186744560838034,11.03726833199033
6.0,0.001759338801711663,70.37355206846652,70.37355206846654,387.7895,89.37235,39.5493,22.2869,12.4521,6.85564,3.68159,1.87659,1.16045,1.090375,1.09469,1.160035,1.78843,4.40106,10.169,22.19275,47.46945,101.855,211.4095,417.816,30.02650000000006,122.03715,62.30569999999999,25.18255,9.74065,3.31336,0.7194700000000003,0.08816000000000002,0.0004149999999998322,0.004315000000000069,3.727196500023902,40.57330919402218,44.0620971215161,36.10072774736637,28.11572282749096,19.46214428029021,8.901412284337441,2.405443899351163,0.01788419231323763,0.1974769629278794,10.41604888530755,0.02940343808756379,2.400546602202525,0.03115860864893904,1.062296535052377,0.04803733548213807,0.5986274509803922,0.1182127316680097,0.334464141821112,0.27313994090787,0.1841428955143702,0.5960985764168681,0.0988877249529949,1.275032232070911,0.05040531829170024,2.735831318828901,0.03116975557346226,5.678471662637659,0.02928753693258125,11.22256244963739
6.2,0.001817983428435385,72.71933713741541,72.71933713741542,397.6965,90.48429999999999,39.31755,21.91025,12.10645,6.59369,3.506615,1.76609,1.07186,1.003175,1.00714,1.071145,1.68192,4.198675,9.78772,21.58785,46.6997,101.3425,212.635,424.5885,26.89199999999994,122.1507,62.02495,24.78945,9.481399999999999,3.194030000000001,0.6920599999999997,0.08417000000000008,0.0007150000000000212,0.003964999999999996,3.270398949269407,40.29789591094992,44.09564051768785,36.13098391705577,28.13947759710099,19.49789425940747,8.981621717028169,2.44111821021401,0.0333643645255154,0.1972327719785206,10.68215149073328,0.02705183991404782,2.430413644910019,0.02877101799623959,1.056071716357776,0.0451764705882353,0.5885106097233413,0.1127766586086489,0.3251799623959173,0.2628987375772227,0.1771069030351867,0.5798509266720387,0.09418788611334945,1.254356701584744,0.04743728176201988,2.722065538544185,0.02879022293849047,5.711388665055063,0.02694533977974752,11.40447219983884
6.4,0.001876628055159107,75.0651222063643,75.0651222063643,407.4585,91.5685,39.0794,21.53945,11.7722,6.343445,3.3412,1.663465,0.9911490000000001,0.923891,0.927549,0.9901770000000001,1.58324,4.0069,9.42315,21.00335,45.94275,100.8135,213.7885,431.243,23.78449999999998,122.22,61.73410000000001,24.4033,9.231150000000001,3.079705,0.6656999999999997,0.08022499999999999,0.0009719999999999729,0.003657999999999939,2.835871880520063,40.02528188317282,44.12954481607001,36.16257324153629,28.1647447563809,19.5331014718143,9.05948476476912,2.470966718565438,0.04905805506009474,0.1975759408892505,10.94435938759065,0.02491402095084609,2.459535320977706,0.02659621273166802,1.049674993284985,0.04252591995702391,0.5785508998119797,0.1076255707762557,0.3162019876443729,0.2531063658340049,0.1703853075476766,0.5641512221326888,0.08974482943862477,1.234024979854956,0.04468076819769004,2.707856567284448,0.02662232070910556,5.742371743217835,0.02481576685468708,11.58321246306742
6.6,0.00193527268188283,77.41090727531318,77.41090727531318,417.076,92.6257,38.8356,21.1746,11.4489,6.10435,3.18476,1.568015,0.91751,0.851721,0.855094,0.916317,1.491665,3.82512,9.074555,20.4385,45.1986,100.269,214.873,437.7845,20.70849999999996,122.2473,61.43340000000001,24.024,8.989599999999998,2.970205,0.6403600000000003,0.07634999999999992,0.001193,0.00337300000000007,2.422442024166511,39.75538758375239,44.16345685189419,36.19533185080726,28.1916995427661,19.56797937664146,9.13510644975378,2.495358991789988,0.06505520967899368,0.1976195428327071,11.20268600590921,0.02296787536932582,2.487931775449906,0.02461232876712329,1.043126510878324,0.0400662100456621,0.568751007252216,0.1027429492344883,0.3075181305398872,0.2437430835347838,0.1639632017190438,0.548979317754499,0.08554284179425195,1.214037066881547,0.04211697555734623,2.693231265108784,0.0246443728176202,5.77150147730325,0.02287727639000806,11.75891753961859
6.8,0.001993917308606551,79.75669234426205,79.75669234426206,426.549,93.65665,38.58665,20.8158,11.1362,5.87584,3.03673,1.47913,0.850233,0.7859415000000001,0.7890545,0.848852,1.406565,3.65276,8.741215,19.89265,44.46735,99.71105,215.8935,444.2185,17.66950000000003,122.23685,61.1244,23.65155,8.75645,2.865375,0.6160299999999999,0.07256499999999999,0.001380999999999966,0.003112999999999921,2.029186895468656,39.48854490944359,44.19769815405463,36.22918011768733,28.22034977126126,19.60295695678781,9.208923251249347,2.514645518670545,0.08127904136638046,0.1976512956223331,11.45713134568896,0.02119405049691109,2.515623153370937,0.02280021488047274,1.036439699167338,0.03778041901692184,0.5591136180499597,0.0981133494493688,0.2991189900617782,0.2347895514370132,0.1578254096159012,0.5343177544990599,0.08156674724684394,1.194395648670427,0.03972951920494226,2.678244695138329,0.02283730862207897,5.79891216760677,0.02111043513295729,11.93173515981735
7.0,0.002052561935330274,82.10247741321095,82.10247741321096,435.879,94.66205,38.33335,20.463,10.83365,5.65741,2.89659,1.396245,0.7886875,0.725915,0.7287905,0.787148,1.327375,3.48927,8.422419999999999,19.365,43.74894999999999,99.14179999999999,216.8535,450.5495,14.67049999999995,122.19145,60.80844999999999,23.28594999999999,8.531350000000002,2.765009999999999,0.5926800000000005,0.06886999999999999,0.001539500000000027,0.002875500000000031,1.655012220387764,39.22483163360545,44.2323212595149,36.26420004376131,28.25076617663373,19.63809222128392,9.281130497693349,2.528619998384503,0.09769420729511596,0.1976688752465726,11.70773569701853,0.01957535589578297,2.542628256782165,0.02114284179425195,1.029636046199302,0.03565337093741607,0.5496373892022564,0.09372199838839647,0.2909924791834542,0.2262266988987376,0.1519583669084072,0.5201450443190976,0.07780257856567284,1.175099382218641,0.03750322320709105,2.662954606500134,0.02118419285522428,5.824697824335214,0.01949811979586355,12.10178619392963
7.2,0.002111206562053996,84.44826248215983,84.44826248215983,445.0665,95.64255,38.0761,20.1162,10.54095,5.448544999999999,2.76387,1.318875,0.732315,0.671074,0.673733,0.730642,1.253585,3.33416,8.117485,18.85495,43.0433,98.56245,217.757,456.783,11.7165,122.11445,60.48635,22.9271,8.314000000000002,2.668940000000001,0.57029,0.06528999999999985,0.001673000000000036,0.002659000000000078,1.299163552233493,38.96446245694992,44.26741208831621,36.3003190335579,28.28285577240364,19.67369967484962,9.352036641341547,2.538037520505658,0.1143574281404057,0.1977235395116235,11.95451248992748,0.01809650819231803,2.568964544721998,0.01962508729519205,1.022726295997851,0.0336713671770078,0.5403223207091056,0.08955573462261616,0.2831305398871878,0.218036126779479,0.1463482406661294,0.5064450711791567,0.07423771152296535,1.156145581520279,0.03542506043513296,2.647393231265109,0.01967002417405319,5.848965887724954,0.01802508729519205,12.26921837228042
7.4,0.002169851188777718,86.79404755110872,86.79404755110873,454.1125,96.59875,37.81555,19.7754,10.2577,5.248785,2.638115,1.24657,0.680617,0.6209165000000001,0.623377,0.6788350000000001,1.184745,3.18695,7.825754999999999,18.36175,42.35035,97.9743,218.6065,462.9235,8.811000000000035,122.00775,60.15875,22.57495,8.10405,2.576969999999999,0.548835,0.06182500000000024,0.00178199999999995,0.002460499999999866,0.9608128797560878,38.7073977987359,44.30283264912657,36.33750900391545,28.31658190496323,19.70983300368502,9.421954948142208,2.542862607272206,0.1310822301927505,0.1977427351344249,12.19748858447489,0.01674394305667472,2.594648133225893,0.01823354821380607,1.015727907601397,0.03182232070910556,0.5311684125705076,0.08560166532366371,0.275522428149342,0.2102002417405318,0.1409826752618856,0.4931976900349181,0.07085992479183455,1.137532903572388,0.03348294386247651,2.631595487510073,0.01828141283910825,5.871783507923717,0.01667785388127854,12.43415256513564
7.6,0.00222849581550144,89.13983262005759,89.1398326200576,463.0185,97.5313,37.55204999999999,19.4406,9.983540000000001,5.057684999999999,2.51892,1.178925,0.6331525,0.5749925,0.577272,0.6312800000000001,1.120445,3.047185,7.546609999999999,17.88475,41.67,97.3787,219.406,468.974,5.955499999999972,121.8747,59.82665,22.2294,7.901209999999999,2.488925,0.5282649999999998,0.05847999999999987,0.001872499999999944,0.00227949999999999,0.639007288148775,38.45388346527847,44.33878118961023,36.37568605119243,28.35197279775687,19.7466419184889,9.4907480185875,2.543305340158385,0.1480901511152192,0.1978278424788744,12.4367042707494,0.01550556003223207,2.619696481332259,0.01695621810367983,1.00865028203062,0.03009521890948161,0.5221756647864626,0.08184756916465216,0.2681584743486436,0.2027023905452592,0.1358497179693795,0.4803854418479721,0.06765834004834811,1.119258662369057,0.03166599516518936,2.6155976363148,0.01700651356432984,5.893258125167876,0.01544433252753156,12.59666935267258
7.8,0.002287140442225162,91.48561768900647,91.48561768900649,471.7845,98.44065,37.28605,19.11165,9.718150000000001,4.874805,2.40589,1.11559,0.589523,0.5329014999999999,0.5350145,0.5875805000000001,1.060325,2.91446,7.279425,17.42335,41.0021,96.7766,220.1565,474.9385,3.153999999999996,121.71585,59.49055,21.89045,7.705199999999998,2.40462,0.5085700000000002,0.05526500000000012,0.001942499999999958,0.002113000000000032,0.3331491893616186,38.20368449623607,44.3751857806779,36.4150464743923,28.38899839728828,19.78422327041696,9.558957587376774,2.539851051166986,0.1650237213634959,0.1978620041276684,12.67215954875101,0.01437052108514639,2.644121676067688,0.0157824469513833,1.001505506312114,0.02848039215686275,0.5133400483481064,0.07828256782164922,0.2610300832661833,0.1955257856567285,0.1309375503626108,0.4679922105828633,0.06462234756916466,1.101318828901424,0.02996481332258931,2.599425194735429,0.01583462261616976,5.913416599516519,0.01431376578028472,12.75687617512759
8.0,0.002345785068948884,93.83140275795537,93.83140275795537,480.4135,99.32745,37.018,18.7887,9.4612,4.699745,2.298675,1.056225,0.549377,0.494285,0.496246,0.547378,1.00405,2.788365,7.023635000000001,16.9769,40.34645,96.16915,220.862,480.8205,0.4070000000000391,121.53455,59.15115,21.55775000000001,7.515700000000001,2.32389,0.48969,0.05217500000000008,0.001998999999999973,0.001960999999999991,0.04234140698311119,37.95707510038199,44.41205476654467,36.45505253643561,28.42753450512707,19.82269618488866,9.62622664653708,2.532428923323347,0.1822649543425809,0.1979746216928083,12.903934998657,0.01332919688423314,2.667941176470588,0.01470260542573194,0.9943056674724685,0.02696884233145313,0.504665592264303,0.07489564867042708,0.2541283910824604,0.1886552511415525,0.1262354284179425,0.4560005372011819,0.06174254633360195,1.083708031157669,0.02837026591458501,2.583109051839914,0.01475629868385711,5.932366371206017,0.01327652430835348,12.9148670427075
8.2,0.002404429695672606,96.17718782690423,96.17718782690424,488.905,100.1925,36.7483,18.4715,9.212385000000001,4.532125,2.196935,1.0005425,0.5123964999999999,0.4588225,0.4606435,0.510356,0.9513275000000001,2.668545,6.77868,16.54485,39.7029,95.55709999999999,221.5245,486.6235,2.281499999999937,121.332,58.80879999999999,21.2314,7.332464999999999,2.246555,0.4716100000000001,0.04921500000000001,0.00204049999999989,0.001820999999999962,0.2338732287165303,37.7138914014491,44.44928173755568,36.49612200555571,28.46759366834211,19.86202573556878,9.692979932093033,2.521428168884198,0.1995106342932322,0.1980497375650608,13.13201719043782,0.01237291163040559,2.691176470588236,0.0137081923180231,0.9870615095353211,0.02555271286596831,0.4961455815202794,0.07167727639000807,0.2474452054794521,0.1820757453666398,0.1217331453129197,0.4443956486704271,0.05900980392156863,1.066422240128928,0.02687463067418749,2.566669352672576,0.01376300026860059,5.950161160354553,0.01232399946279882,13.07073596561913
8.4,0.002463074322396328,98.52297289585313,98.52297289585316,497.262,101.035,36.47725,18.1601,8.971395000000001,4.37158,2.10035,0.9482665,0.4782965,0.4258045,0.427495,0.4762265,0.901885,2.55464,6.544035,16.12655,39.07135,94.94145,222.146,492.35,4.911999999999978,121.111,58.46420000000001,20.91125,7.155155000000001,2.172455,0.4542899999999999,0.04638149999999996,0.002070000000000016,0.001690499999999984,0.4963561476619097,37.47466589929482,44.48697179320752,36.5380398364885,28.50892772296696,19.90226844754052,9.759204638463238,2.506902813093953,0.216862244283272,0.1981133236337281,13.35648670427075,0.01148254096159012,2.713806070373355,0.01279147193123825,0.9797810905183991,0.02422468439430567,0.4877813591189901,0.068617781359119,0.2409721998388397,0.175773166800967,0.1174208971259737,0.4331600859521892,0.05641552511415526,1.049458769809294,0.0254704942250873,2.550132957292506,0.01284707225355896,5.966854687080312,0.01143713403169487,13.22455009401021
8.6,0.00252171894912005,100.868757964802,100.86875796480203,505.485,101.857,36.20505,17.85445,8.73794,4.217765,2.00863,0.899155,0.4468225,0.39579,0.3973625,0.444734,0.8554785,2.44633,6.319195000000001,15.72155,38.4515,94.3228,222.7285,498.004,7.480999999999995,120.8715,58.11775,20.59705,6.983610000000001,2.101430000000001,0.4377,0.04367650000000001,0.002088499999999993,0.001572500000000032,0.7454989541489736,37.23872446551063,44.52517221420563,36.58059228198795,28.55174004036879,19.94341821550049,9.825004040440318,2.489209285015931,0.2342532413817849,0.1982594772127721,13.57735697018534,0.01067318023099651,2.735885038947086,0.01194558152027935,0.9724697824335214,0.02297820306204674,0.4795715820574806,0.0657085683588504,0.2347015847434865,0.1697339511146925,0.1132894171367177,0.4222817620198765,0.0539519204942251,1.032809562181037,0.02415135643298415,2.53351598173516,0.01200167875369326,5.982500671501477,0.01063094278807413,13.37641686811711
8.8,0.002580363575843773,103.2145430337509,103.21454303375091,513.577,102.658,35.93215,17.55445,8.511759999999999,4.070349999999999,1.92149,0.8529815,0.417743,0.3681505,0.369614,0.4156455,0.811884,2.343305,6.10369,15.32935,37.8433,93.702,223.2745,503.5865,9.990499999999997,120.6165,57.76985,20.28885,6.817590000000001,2.033340000000001,0.4218150000000001,0.0410974999999999,0.002097499999999974,0.001463499999999951,0.9821921451172793,37.0065887875557,44.56375885520906,36.62396035940088,28.59594205135583,19.98557112022364,9.89062780274316,2.468517727107679,0.2516833385629841,0.1983695339095268,13.79470856835885,0.00992785388127854,2.757399946279882,0.01116426269137792,0.9651396723072792,0.02180725221595488,0.4715135643298415,0.0629413107708837,0.2286263765780285,0.163945474080043,0.1093298415256514,0.4117472468439431,0.05161133494493688,1.016473274241203,0.02291113349449369,2.516841257050766,0.01122060166532366,5.997166263765781,0.009888544184797208,13.52636314799893
9.0,0.002639008202567495,105.5603281026998,105.5603281026998,521.5374999999999,103.439,35.6587,17.26,8.292580000000001,3.92903,1.83869,0.8095405,0.390852,0.342677,0.34404,0.3887535,0.7708995000000001,2.24528,5.89708,14.9493,37.2465,93.07955,223.7855,509.101,12.43649999999991,120.3465,57.42084999999999,19.9865,6.65672,1.96805,0.4065900000000002,0.03864099999999993,0.002098500000000003,0.001363000000000003,1.206679160539792,36.7779613079094,44.60278899239348,36.66810380413346,28.64105657545775,20.02878046347944,9.955753837564925,2.44495203867277,0.2691746017697417,0.1984805968106226,14.00852806876175,0.009240934730056407,2.778377652430835,0.01044194198227236,0.9577947891485363,0.02070640612409348,0.4636046199301638,0.06030835347837766,0.2227391888262155,0.158395917271018,0.1055339779747516,0.4015390813859791,0.04938732205210852,1.00044319097502,0.02174430566747247,2.500122213268869,0.0104983078162772,6.010891753961859,0.009204324469513834,13.67448294386248
9.2,0.002697652829291216,107.9061131716487,107.90611317164868,529.3695,104.2005,35.38505,16.97105,8.080155,3.79352,1.759975,0.768643,0.3659605,0.31918,0.32045,0.363869,0.732339,2.151975,5.698919999999999,14.5811,36.66085,92.45605,224.2625,514.5505,14.81899999999996,120.062,57.07100000000001,19.6898,6.500945,1.905399999999999,0.3920000000000001,0.036304,0.002091500000000024,0.001269999999999993,1.419553222469151,36.55267107710762,44.64213777885202,36.71285186614683,28.68748884384382,20.07281584081648,10.02057797262235,2.418683235375241,0.2865737819586662,0.1985522880415229,14.21889605157132,0.00860730593607306,2.798831587429493,0.009773542841794252,0.9504445339779748,0.01967066881547139,0.4558434058554929,0.05780217566478647,0.2170334407735697,0.1530733279613215,0.101894171367177,0.3916492076282568,0.0472730325006715,0.9847125973677142,0.02064579640075208,2.483374966424926,0.009829720655385444,6.023704002148805,0.008573193661026055,13.82085683588504
9.4,0.002756297456014939,110.2518982405976,110.25189824059755,537.075,104.9425,35.11135,16.6876,7.874235,3.663535,1.68512,0.7301165000000001,0.3429015,0.2974895,0.2986735,0.3408225,0.696032,2.06314,5.50881,14.2242,36.08620000000001,91.83205,224.7075,519.9359999999999,17.13900000000012,119.765,56.72069999999999,19.39860000000001,6.349965,1.845275,0.3780199999999998,0.03408450000000007,0.002078999999999942,0.001184000000000018,1.621459000899719,36.33095707568634,44.68188184655524,36.75801249862622,28.73490815073556,20.11781065801603,10.08521287210599,2.38996850608475,0.3040700633588908,0.1986034020897,14.42586623690572,0.008022387859253292,2.818761751275853,0.009154512489927479,0.9430929358044589,0.01869546065001343,0.4482299221058287,0.05541606231533709,0.2115024174053183,0.1479669621273167,0.0984027665860865,0.3820628525382756,0.04526242277733011,0.969277464410422,0.01961097233413914,2.466614289551437,0.009210354552780017,6.035656728444803,0.00799058554928821,13.9655116841257
9.6,0.002814942082738661,112.5976833095464,112.59768330954644,544.6555000000001,105.665,34.83785,16.40945,7.67459,3.53882,1.61391,0.693802,0.3215205,0.27745,0.2785555,0.3194595,0.661824,1.978535,5.326365,13.8782,35.5224,91.20795,225.1225,525.26,19.39550000000008,119.4575,56.37009999999999,19.11295,6.203609999999999,1.787545,0.364625,0.03197800000000006,0.00206099999999998,0.001105500000000037,1.812806712305793,36.11306352265427,44.72191854072091,36.80390742867817,28.78332689178523,20.16365140716183,10.14977264787631,2.358910200896122,0.3215388935692189,0.1988289684184845,14.62947891485362,0.00748201719043782,2.838168143969917,0.008580701047542305,0.9357467096427614,0.01777663174858985,0.4407587966693527,0.05314356701584744,0.20613994090787,0.143066478646253,0.09505291431641151,0.3727692720923986,0.04334971796937954,0.954133763094279,0.01863556271823798,2.449850926672039,0.008636059629331184,6.046803652968037,0.007452323395111469,14.10851463873221
9.8,0.002873586709462383,114.9434683784953,114.94346837849535,552.1120000000001,106.3695,34.5647,16.1366,7.481,3.419115,1.54615,0.659552,0.3016755,0.258923,0.2599555,0.2995615,0.6295725,1.897925,5.15122,13.54265,34.9692,90.58420000000001,225.5085,530.525,21.5870000000001,119.139,56.01950000000001,18.8326,6.061649999999998,1.732105000000001,0.3517749999999999,0.02997950000000005,0.002113999999999949,0.001032499999999992,1.993927789277486,35.89843255654186,44.76227917304907,36.85022052291521,28.83252908034522,20.21047018582122,10.21391810573231,2.32557057134513,0.3516084339453409,0.1989868533770414,14.82976094547408,0.006982420091324201,2.857091055600323,0.008046239591727103,0.928409884501746,0.01691035455278002,0.4334300295460651,0.05097837765243084,0.2009401020682246,0.1383620735965619,0.09183763094278807,0.3637563792640344,0.04152968036529681,0.9392747784045126,0.01771560569433253,2.433096964813323,0.008103021756647864,6.0571716357776,0.006954687080311578,14.24993284985227
10.0,0.002932231336186105,117.2892534474442,117.28925344744422,559.4475,107.0555,34.29205,15.86895,7.293255,3.3042,1.48165,0.627232,0.2827825,0.2417805,0.2427455,0.2806315,0.5991455,1.82111,4.98303,13.21725,34.42635,89.96125,225.866,535.732,23.71550000000002,118.8105,55.6692,18.5574,5.923995,1.67883,0.3394599999999999,0.02808650000000001,0.002150999999999959,0.0009649999999999936,2.165444112129566,35.68724158698071,44.80299517195922,36.89688698546386,28.88273594433681,20.25803555590952,10.27807046228003,2.290200203444699,0.3817796504879108,0.1991637187684445,15.0267929089444,0.006520158474348644,2.875517056137523,0.007537778673113083,0.9210864893902768,0.01609308353478378,0.4262409347300564,0.04891512221326887,0.1958972602739726,0.1338444802578566,0.08875100725221596,0.3550161160354553,0.03979720655385442,0.9246937953263498,0.01684748858447489,2.416364491001881,0.007595554660220253,6.066774106903035,0.006494238517324739,14.38979317754499
10.2,0.002990875962909827,119.6350385163931,119.6350385163931,566.6635,107.7235,34.0201,15.60635,7.111145,3.19384,1.42023,0.5967175,0.2654985,0.225909,0.226811,0.263513,0.5704225,1.747875,4.82147,12.9015,33.8937,89.33940000000001,226.1975,540.884,25.77949999999998,118.474,55.31930000000001,18.28735,5.790355,1.62763,0.327645,0.02629499999999996,0.001985499999999973,0.0009019999999999861,2.327620260079137,35.47964937814633,44.843972292365,36.94410409686456,28.93348180612807,20.30651340996168,10.34198677127178,2.252943091659951,0.3753226536663142,0.1992401484361164,15.22061509535321,0.006092156862745098,2.893459575611067,0.007077974751544454,0.9137818963201719,0.01532158205748053,0.4191874832124631,0.04694802578565673,0.1910057749127048,0.129504969110932,0.0857867311308085,0.3465350523771153,0.0381474617244158,0.9103867848509268,0.01602786731130809,2.39966156325544,0.007131305398871877,6.075678216492077,0.006067929089443997,14.52817620198765
10.4,0.003049520589633549,121.980823585342,121.980823585342,573.762,108.3745,33.749,15.3488,6.934464999999999,3.087835,1.361735,0.5678925,0.2495465,0.2123075,0.213156,0.2475935,0.5432925,1.67804,4.666225000000001,12.59515,33.3711,88.719,226.504,545.9815,27.78049999999996,118.1295,54.97,18.0223,5.660685000000001,1.578390000000001,0.3163050000000001,0.02460000000000007,0.001952999999999983,0.0008485000000000298,2.480969972140938,35.27533120221215,44.8851944997877,36.99166049191398,28.98513360350422,20.35565884194861,10.4055398837085,2.213852778790216,0.3928470853280731,0.1994295632880446,15.41128122481869,0.005725382755842064,2.910945474080043,0.006650376040827291,0.9065001343002954,0.01459286865431104,0.412269674993285,0.04507225355895783,0.1862601396723073,0.1253350792371744,0.08293943056674725,0.3383064732742412,0.03657628256782165,0.8963497179693796,0.01525362610797744,2.382997582594682,0.00670283373623422,6.083910824603815,0.00570259199570239,14.66509535320978
10.6,0.003108165216357271,124.3266086542908,124.32660865429088,580.745,109.0085,33.4789,15.0962,6.763045,2.98598,1.305995,0.5406505,0.234696,0.199441,0.2002385,0.2327785,0.517652,1.611425,4.517004999999999,12.2978,32.8583,88.1003,226.7855,551.027,29.71799999999996,117.777,54.62140000000001,17.7621,5.534755000000001,1.531024999999999,0.3054300000000001,0.02299850000000003,0.001917500000000016,0.0007974999999999788,2.625793887814857,35.07418238562929,44.9265992867201,37.03948534548374,29.03730133685049,20.40554525965332,10.469181674219,2.173149926415182,0.41018280141484,0.1995348773204477,15.59884501745904,0.005378417942519474,2.927974751544454,0.006252444265377384,0.8992452323395111,0.01390416330915928,0.405484824066613,0.0432829707225356,0.1816557883427344,0.1213270212194467,0.08020359924791835,0.3303196347031964,0.03507910287402632,0.8825758796669353,0.01452190437818963,2.366379264034381,0.006303948428686544,6.091471931238249,0.0053569970453935,14.80061778135912
10.8,0.003166809843080994,126.6723937232397,126.67239372323975,587.614,109.626,33.20985,14.84845,6.596690000000001,2.88809,1.25287,0.5148925,0.2208615,0.187201,0.18795,0.2189805,0.4934065,1.547855,4.373535,12.00915,32.35505,87.48355000000001,227.0445,556.0215000000001,31.59249999999997,117.4185,54.27370000000001,17.5066,5.412459999999999,1.485445,0.2949849999999998,0.02148600000000001,0.001880999999999994,0.0007489999999999997,2.762462340492226,34.87638507086305,44.96824184255311,37.08750410456852,29.09011364173829,20.45609625944606,10.53245141882905,2.130915531999933,0.4276535665079719,0.1996529397495941,15.78334676336288,0.005048348106365835,2.944560838033844,0.005881829170024174,0.8920185334407738,0.01325292774644104,0.3988302444265377,0.04157547676604889,0.1771874832124631,0.1174734085414988,0.07757426806338975,0.322566478646253,0.03365216223475692,0.8690585549288209,0.01383004297609455,2.34981332258931,0.005932352941176471,6.098428686543111,0.00502822992210583,14.93477034649477
11.0,0.003225454469804716,129.0181787921886,129.01817879218865,594.3720000000001,110.227,32.9421,14.60545,6.435230000000001,2.79398,1.202225,0.490526,0.207963,0.175462,0.176165,0.2061215,0.470468,1.487185,4.23555,11.72885,31.86125,86.869,227.281,560.967,33.40500000000009,117.054,53.9269,17.2558,5.293620000000001,1.44157,0.2849600000000001,0.02005800000000002,0.001841499999999996,0.0007030000000000092,2.891359159519422,34.68184457849888,45.00993647500107,37.13584136596745,29.14334224469393,20.50734544130261,10.59563249932142,2.087213863978341,0.444715993957754,0.199927764363945,15.9648670427075,0.004731802309965082,2.960703733548214,0.005536435670158475,0.8848267526188558,0.01263679828095622,0.3923032500671502,0.03994587698092936,0.1728506580714478,0.1137671232876712,0.0750464679022294,0.315037604082729,0.03229183454203599,0.8557950577491271,0.01317555734622616,2.333306473274241,0.005585898468976632,6.1047810905184,0.004712919688423315,15.06760676873489
11.2,0.003284099096528438,131.3639638611375,131.3639638611375,601.0205000000001,110.812,32.6756,14.36715,6.278499999999999,2.70348,1.15392,0.467466,0.1959305,0.1645545,0.165214,0.194128,0.4487555,1.42925,4.102795,11.4566,31.37675,86.2569,227.4955,565.8644999999999,35.15600000000018,116.6835,53.5813,17.0096,5.178100000000002,1.399315000000001,0.2753300000000001,0.01871050000000007,0.001802500000000012,0.0006595000000000073,3.012807603148569,34.49036749111385,45.05185714586004,37.18441147344237,29.19690331602304,20.55918986523466,10.65860938304487,2.042137190624764,0.4621101706538923,0.1999887800077955,16.14344614558152,0.004437657802847167,2.97641686811711,0.005214289551437014,0.8776685468708033,0.01205359924791835,0.3859024979854956,0.03838973945742681,0.1686408810099382,0.1102013161428955,0.07261563255439163,0.3077249529948967,0.03099435938759066,0.8427813591189902,0.01255616438356165,2.316865431103948,0.005262704807950578,6.110542573193661,0.004419943593875907,15.1991539081386
11.6,0.003401388349975882,136.0555339990353,136.05553399903528,613.9955,111.935,32.147,13.9041,5.97858,2.532685,1.06387,0.4249545,0.1742015,0.1449785,0.145561,0.172482,0.4087095,1.32107,3.85206,10.9353,30.43455,85.04079999999999,227.8655,575.5205000000001,38.47499999999991,115.9305,52.89379999999999,16.53045,4.95672,1.319375,0.2571999999999999,0.01624500000000001,0.001719500000000013,0.0005824999999999858,3.234508825438238,34.1172246656494,45.13592711869324,37.28225825549492,29.30563537165926,20.66449012450772,10.78433839006431,1.948626784891756,0.4959855314717927,0.2004890901237132,16.49195541230191,0.003909777061509536,3.006580714477572,0.004632876712328767,0.8634703196347032,0.01097796132151491,0.3734649476228848,0.03548401826484018,0.1605850120870266,0.1034665592264303,0.06802806876175128,0.2937228041901692,0.02857561106634435,0.8174738114423853,0.01141430298146656,2.284200913242009,0.004679062583937685,6.12048079505775,0.00389413107708837,15.45851463873221
11.8,0.003460032976699604,138.4013190679842,138.4013190679842,620.3275,112.474,31.885,13.67935,5.83509,2.452095,1.0219,0.4053595,0.164392,0.1361965,0.1367435,0.162714,0.3902415,1.270555,3.733645,10.6856,29.97655,84.43715,228.021,580.2825,40.04499999999996,115.547,52.55215,16.2972,4.850510000000001,1.28155,0.2486549999999998,0.01511799999999996,0.001677999999999985,0.0005470000000000197,3.335387844512369,33.935006387759,45.17811096166982,37.33103658382944,29.36021437361272,20.71781225851717,10.84666874595139,1.900198717698943,0.5129835588463633,0.2004103465963287,16.66203330647328,0.00367293849046468,3.02105828632823,0.004370507655116842,0.8564329841525652,0.01048190975020145,0.3674281493419286,0.03412718237980124,0.1567308622078969,0.1002859253290357,0.06586341659951653,0.2870158474348644,0.02744829438624765,0.8051719043781896,0.01088798012355627,2.267986838571045,0.004415578834273435,6.124657534246576,0.003658246038141284,15.58642224012893
12.0,0.003518677603423326,140.747104136933,140.74710413693307,626.5575,112.9985,31.62465,13.45885,5.69572,2.374515,0.981828,0.386785,0.155215,0.1280165,0.1285315,0.15358,0.372728,1.222275,3.619585,10.44295,29.527,83.8366,228.159,585.001,41.55650000000003,115.1605,52.21195,16.06815,4.74723,1.24507,0.240447,0.01405699999999999,0.001634999999999998,0.0005149999999999877,3.430003586289892,33.75581659497445,45.22032283558337,37.38009135564378,29.41524921198587,20.77159206553111,10.90906368713259,1.85079123069651,0.529477485062905,0.200742161310939,16.82937147461725,0.003452363685200108,3.035146387322053,0.004125167875369326,0.8494399677679292,0.01001149610529143,0.3615055063121139,0.03283037872683321,0.1529873757722267,0.09722226698898738,0.06377961321514906,0.280498254096159,0.02637195809830782,0.7930969648133227,0.0103890679559495,2.251856030083267,0.004169084071984959,6.12836422240129,0.003438530754767661,15.71316142895514
15.0,0.004398347004279157,175.9338801711663,175.93388017116632,709.155,119.312,27.9467,10.6154,4.01731,1.49612,0.551948,0.1953225,0.06744515000000001,0.04977835,0.04998135,0.06638664999999999,0.19117,0.700536,2.32216,7.498889999999999,23.68525,75.25925000000001,228.461,651.293,57.86199999999997,109.149,47.31255000000001,13.06985,3.481579999999999,0.8260399999999999,0.1485880000000001,0.004152500000000003,0.001058500000000018,0.0002030000000000018,4.253157783318434,31.38512765510836,45.84285111468865,38.10379686682323,30.23202097914242,21.6338246540327,11.863464922506,1.074406359761186,0.790918152486941,0.2034889840286225,19.04794520547945,0.001342502014504432,3.204727370400215,0.001783149341928552,0.7506500134300296,0.005134837496642493,0.2851302712865968,0.01881643835616439,0.1079051839914048,0.06237335482138061,0.04018587160891754,0.2014206285253828,0.01482535589578297,0.6361872146118722,0.005246373892022563,2.021467902229385,0.001811580714477572,6.136475960247114,0.00133704942250873,17.49376846629063
20.0,0.005864462672372211,234.5785068948884,234.57850689488845,813.283,125.0605,22.8469,7.344995,2.35928,0.7456054999999999,0.233181,0.07051674999999999,0.02042505,0.01302715,0.0130813,0.0199679,0.0709159,0.3043285,1.190295,4.526999999999999,16.81035,62.98125,224.3635,747.7615,65.52150000000006,99.30299999999998,40.13435,9.465354999999999,2.167719999999999,0.4446895,0.0711475,0.0003991500000000148,0.0004571500000000034,5.414999999999934e-05,4.197285855720325,28.41905535967764,46.76128985653308,39.18534386488787,31.47882456130159,22.97067953647411,13.23651023842369,0.2822191339835708,1.131756903122954,0.2074041162918493,21.84482943862477,0.0003513644910018803,3.359132420091325,0.0005363389739457427,0.6136690840719851,0.001904805264571582,0.1972869997313994,0.008174281493419287,0.06337040021488048,0.03197139403706688,0.02002700778941714,0.1215954875100725,0.006263255439161967,0.4515269943593876,0.001894084071984958,1.691680096696213,0.0005486180499597099,6.02641686811711,0.0003499100188020414,20.08491807681977
50.0,0.01466115668093053,586.446267237221,586.4462672372212,1171.925,119.5545,8.407415,1.31106,0.20708,0.0323088,0.005237395000000001,0.0010884745,0.001058494,0.00113012,0.0011346385,0.001069417,0.001177078,0.00728792,0.05595405000000001,0.4301155,3.21682,24.6037,175.4285,1160.03,11.89500000000021,55.87399999999998,16.196285,1.90576,0.2230355,0.02364525000000001,0.002050524999999999,8.860349999999999e-05,1.092299999999992e-05,4.518499999999967e-06,0.5100870299812907,18.94143052311489,49.06312616220324,42.08945466752653,35.00267971132878,26.78958361303765,16.37104535893907,3.910900321224072,0.513320340935308,0.1995135463670836,31.47797475154446,3.047645715820575e-05,3.211240934730057,2.872460381412839e-05,0.2258236637120602,3.16163846360462e-05,0.03521514907332796,0.0001957539618587161,0.005562181036798281,0.001502929089443997,0.0008678162771958099,0.01155292774644104,0.0001406767391888262,0.08640397528874565,2.923648939027666e-05,0.660856835885039,2.843121138866506e-05,4.712019876443728,3.035508998119796e-05,31.15847434864357
